keyword,full_name,short_name,eBay friendly name,eBay Affiliate Friendly,Pink Villa Friendly Name,Wikipedia Friendly Name,admob_pub_id,Background Image,news_feed_1,news_feed_2,news_feed_3,buzz_feed_1,buzz_feed_2,photos_feed,videos_feed,twitter_feeds,facebook_feed,website_category_1,website_name_1,website_url_1,website_category_2,website_name_2,website_url_2,website_category_3,website_name_3,website_url_3,website_category_4,website_name_4,website_url_4,website_category_5,website_name_5,website_url_5,ical_feed from eventful.com,eBay shopping_title1,eBay shopping_url1,shopping_affiliate Link 1,shopping_title2,shopping_url2,shopping_cat3,shopping_title3,shopping_url3,shopping_cat4,shopping_title4,shopping_url4,shopping_cat5,shopping_title5,shopping_url5,shopping_cat6,shopping_title6,shopping_url6,market_category,market_promo_80,Android Market Link,API CALL,bit.ly - Android,QRcode - Android,iPhone Store Link,API CALL,bit.ly - iPhone,QRcode - iPhone,IM Page Link,API CALL,bit.ly - IM,QRcode - IM,market_identifier,category,short_name-old,appID
Bollywood Top50 Male Stars,Aamir Khan,aamirkhan,Aamir+Khan,Aamir%2BKhan,Aamir-Khan,Aamir_Khan,,http://www.webindia123.com/personality/men/aamir_khan/aamir.jpg,http://news.search.yahoo.com/rss?ei=UTF-8&p=Aamir+Khan,,,http://www.pinkvilla.com/category/entertainmenttags/Aamir-Khan/feed,http://rss.starpulse.com/rss/topic.news.rss.php?topic_path=Actors/Khan%2C_Aamir/&topic_name=Aamir%20Khan,http://feed.photobucket.com/images/aamir+khan/feed.rss,http://rss.starpulse.com/rss/topic.videos.rss.php?topic_path=Actors/Khan%2C_Aamir/&topic_name=Aamir+Khan,aamir_khan,http://www.facebook.com/feeds/page.php?id=163831417798&format=atom10,Official Website,Aamir Khan,http://www.aamirkhan.com/,Unofficial Fan Site,Aamir Khan fansite,http://www.aamir-khan.net/,Wikipedia,Aamir Khan on Wikipedia,http://en.m.wikipedia.org/wiki/Aamir_Khan,,,,,,,,,,,,,,,,,,,,,,,,,,,,,,,,,,,,,,,com.im.bollywood.aamirkhan,bollywood,aamirkhan,120000
Bollywood Top50 Male Stars,Abhijeet Sawant,abhijeetsawant,Abhijeet+Sawant,Abhijeet%2BSawant,Abhijeet-Sawant,Abhijeet_Sawant,,http://www.webindia123.com/personality/men/abhijeet_sawant/abijeeth.jpg,http://news.search.yahoo.com/rss?ei=UTF-8&p=Abhijeet+Sawant,,,http://www.pinkvilla.com/category/entertainmenttags/Abhijeet-Sawant/feed,,http://feed.photobucket.com/images/abhijeet+sawant/feed.rss,,abhijeetsawant5,http://www.facebook.com/feeds/page.php?id=53925293795&format=atom10,Official Website,,,Unofficial Fan Site,,,Wikipedia,Abhijeet Sawant on Wikipedia,http://en.m.wikipedia.org/wiki/Abhijeet_Sawant,,,,,,,,,,,,,,,,,,,,,,,,,,,,,,,,,,,,,,,com.im.bollywood.abhijeetsawant,bollywood,abhijeetsaw,120001
Bollywood Top50 Male Stars,Abhishek Bachchan,abhishekbachchan,Abhishek+Bachchan,Abhishek%2BBachchan,Abhishek-Bachchan,Abhishek_Bachchan,,http://www.webindia123.com/personality/men/abhishek_bachchan/abhi.jpg,http://news.search.yahoo.com/rss?ei=UTF-8&p=Abhishek+Bachchan,,,http://www.pinkvilla.com/category/entertainmenttags/Abhishek-Bachchan/feed,http://rss.starpulse.com/rss/topic.news.rss.php?topic_path=Actors/Bachchan%2C_Abhishek/&topic_name=Abhishek%20Bachchan,http://rss.starpulse.com/rss/topic.photos.rss.php?topic_path=Actors/Bachchan%2C_Abhishek&topic_name=Abhishek%20Bachchan,http://rss.starpulse.com/rss/topic.videos.rss.php?topic_path=Actors/Bachchan%2C_Abhishek/&topic_name=Abhishek+Bachchan,juniorbachchan,http://www.facebook.com/feeds/page.php?id=165074180199216&format=atom10,Official Website,,,Unofficial Fan Site,Abhishek Bachchan Fansite,http://www.abhishekbachchan.org/,Wikipedia,Abhishek Bachchan on Wikipedia,http://en.m.wikipedia.org/wiki/Abhishek_Bachchan,,,,,,,,,,,,,,,,,,,,,,,,,,,,,,,,,,,,,,,com.im.bollywood.abhishekbachchan,bollywood,abhishek,120002
Bollywood Top50 Male Stars,Aftab Shivdasani,aftabshivdasani,Aftab+Shivdasani,Aftab%2BShivdasani,Aftab-Shivdasani,Aftab_Shivdasani,,http://www.webindia123.com/personality/men/Aftab_Shivdasani/aftab1.jpg,http://news.search.yahoo.com/rss?ei=UTF-8&p=Aftab+Shivdasani,,,http://www.pinkvilla.com/category/entertainmenttags/Aftab-Shivdasani/feed,,http://feed.photobucket.com/images/aftab+shivdasani/feed.rss,,aftab_ps,,Official Website,,,Unofficial Fan Site,Aftab Shivdasani unofficial fansite,http://aftab-shivdasani.sosugary.com/,Wikipedia,Aftab Shivdasani on Wikipedia,http://en.m.wikipedia.org/wiki/Aftab_Shivdasani,,,,,,,,,,,,,,,,,,,,,,,,,,,,,,,,,,,,,,,com.im.bollywood.aftabshivdasani,bollywood,ashivdasani,120003
Bollywood Top50 Female Stars,Aishwarya Rai,aishwaryarai,Aishwarya+Rai,Aishwarya%2BRai,Aishwarya-Rai,Aishwarya_Rai,,http://www.webindia123.com/personality/women/aishwarya_rai/aishwarya.jpg,http://news.search.yahoo.com/rss?ei=UTF-8&p=Aishwarya+Rai,,,http://www.pinkvilla.com/category/entertainmenttags/Aishwarya-Rai/feed,http://rss.starpulse.com/rss/topic.news.rss.php?topic_path=Actresses/Rai%2C_Aishwarya/&topic_name=Aishwarya%20Rai,http://rss.starpulse.com/rss/topic.photos.rss.php?topic_path=Actresses/Rai%2C_Aishwarya&topic_name=Aishwarya%20Rai,http://rss.starpulse.com/rss/topic.videos.rss.php?topic_path=Actresses/Rai%2C_Aishwarya/&topic_name=Aishwarya+Rai,allaishwaryaweb,https://www.facebook.com/feeds/page.php?id=21867515179&format=atom10,Official Website,,,Unofficial Fan Site,Aishwarya Rai World,http://www.aishwaryaworld.info/index.html,Wikipedia,Aishwarya Rai on Wikipedia,http://en.m.wikipedia.org/wiki/Aishwarya_Rai,,,,,,,,,,,,,,,,,,,,,,,,,,,,,,,,,,,,,,,com.im.bollywood.aishwaryarai,bollywood,aishwarya,120004
Bollywood Top50 Male Stars,Ajay Devgan,ajaydevgan,Ajay+Devgan,Ajay%2BDevgan,Ajay-Devgan,Ajay_Devgan,,http://www.webindia123.com/personality/men/ajay_devgan/ajay.jpg,http://news.search.yahoo.com/rss?ei=UTF-8&p=Ajay+Devgan,,,http://www.pinkvilla.com/category/entertainmenttags/Ajay-Devgan/feed,,http://feed.photobucket.com/images/ajay+devgan/feed.rss,http://rss.starpulse.com/rss/topic.videos.rss.php?topic_path=Actors/Devgan%2C_Ajay/&topic_name=Ajay+Devgan,ajaydevgaan,http://www.facebook.com/feeds/page.php?id=169911934613&format=atom10,Official Website,Ajay Devgan Official,http://ajaydevgn.com/,Unofficial Fan Site,Ajay Devgan Fan Site,http://ajay-devgan.com/,Wikipedia,Ajay Devgan on Wikipedia,http://en.m.wikipedia.org/wiki/Ajay_Devgan,,,,,,,,,,,,,,,,,,,,,,,,,,,,,,,,,,,,,,,com.im.bollywood.ajaydevgan,bollywood,ajaydevgan,120005
Bollywood Top50 Male Stars,Akshay Khanna,akshaykhanna,Akshay+Khanna,Akshay%2BKhanna,Akshay-Khanna,Akshay_Khanna,,http://www.webindia123.com/personality/men/akshay_khanna/akshay1.jpg,http://news.search.yahoo.com/rss?ei=UTF-8&p=Akshay+Khanna,,,http://www.pinkvilla.com/category/entertainmenttags/Akshay-Khanna/feed,,http://feed.photobucket.com/images/akshay+khanna/feed.rss,,,https://www.facebook.com/feeds/page.php?id=128850630491496&format=atom10,Official Website,,,Unofficial Fan Site,,,Wikipedia,Akshay Khanna on Wikipedia,http://en.m.wikipedia.org/wiki/Akshay_Khanna,,,,,,,,,,,,,,,,,,,,,,,,,,,,,,,,,,,,,,,com.im.bollywood.akshaykhanna,bollywood,akshaykhanna,120006
Bollywood Top50 Male Stars,Akshay Kumar,akshaykumar,Akshay+Kumar,Akshay%2BKumar,Akshay-Kumar,Akshay_Kumar,,http://www.webindia123.com/personality/men/akshay_kumar/akshay.jpg,http://news.search.yahoo.com/rss?ei=UTF-8&p=Akshay+Kumar,,,http://www.pinkvilla.com/category/entertainmenttags/Akshay-Kumar/feed,http://rss.starpulse.com/rss/topic.news.rss.php?topic_path=Actors/Kumar%2C_Akshay/&topic_name=Akshay%20Kumar,http://feed.photobucket.com/images/akshay+kumar/feed.rss,http://rss.starpulse.com/rss/topic.videos.rss.php?topic_path=Actors/Kumar%2C_Akshay/&topic_name=Akshay+Kumar,akshaykumar,https://www.facebook.com/feeds/page.php?id=20143593282&format=atom10,Official Website,Akshay Kumar,http://www.akshaykumar.org/home.html,Unofficial Fan Site,Akshay Kumar Fan Site,http://www.akshaykumar.info/,Wikipedia,Akshay Kumar on Wikipedia,http://en.m.wikipedia.org/wiki/Akshay_Kumar,,,,,,,,,,,,,,,,,,,,,,,,,,,,,,,,,,,,,,,com.im.bollywood.akshaykumar,bollywood,akshaykumar,120007
Bollywood Top50 Female Stars,Amisha Patel,amishapatel,Amisha+Patel,Amisha%2BPatel,Amisha-Patel,Amisha_Patel,,http://www.webindia123.com/personality/women/amisha_patel/amisha.jpg,http://news.search.yahoo.com/rss?ei=UTF-8&p=Amisha+Patel,,,http://www.pinkvilla.com/category/entertainmenttags/Amisha-Patel/feed,,http://feed.photobucket.com/images/amisha+patel/feed.rss,http://rss.starpulse.com/rss/topic.videos.rss.php?topic_path=Actresses/Patel%2C_Amisha/&topic_name=Amisha+Patel,ameesha_patel,http://www.facebook.com/feeds/page.php?id=52687623554&format=atom10,Official Website,,,Unofficial Fan Site,Amisha Patel unofficial Fan site,http://www.amishapatel.com/,Wikipedia,Amisha Patel on Wikipedia,http://en.m.wikipedia.org/wiki/Amisha_Patel,,,,,,,,,,,,,,,,,,,,,,,,,,,,,,,,,,,,,,,com.im.bollywood.amishapatel,bollywood,amishapatel,120008
Bollywood Top50 Male Stars,Amitabh Bachchan,amitabhbachchan,Amitabh+Bachchan,Amitabh%2BBachchan,Amitabh-Bachchan,Amitabh_Bachchan,,http://www.webindia123.com/personality/men/amitabh_bachchan/amitabh.jpg,http://news.search.yahoo.com/rss?ei=UTF-8&p=Amitabh+Bachchan,,,http://www.pinkvilla.com/category/entertainmenttags/Amitabh-Bachchan/feed,http://rss.starpulse.com/rss/topic.news.rss.php?topic_path=Actors/Bachchan%2C_Amitabh/&topic_name=Amitabh%20Bachchan,http://rss.starpulse.com/rss/topic.photos.rss.php?topic_path=Actors/Bachchan%2C_Amitabh&topic_name=Amitabh%20Bachchan,http://rss.starpulse.com/rss/topic.videos.rss.php?topic_path=Actors/Bachchan%2C_Amitabh/&topic_name=Amitabh+Bachchan,SrBachchan,https://www.facebook.com/feeds/page.php?id=18892492108&format=atom10,Official Website,Amitabh Bacchan,http://bigb.bigadda.com/,Unofficial Fan Site,"Un official Amitabh Bachchan website
",http://www.amitabh-bachchan.co.in/,Wikipedia,Amitabh Bachchan on Wikipedia,http://en.m.wikipedia.org/wiki/Amitabh_Bachchan,,,,,,,,,,,,,,,,,,,,,,,,,,,,,,,,,,,,,,,com.im.bollywood.amitabhbachchan,bollywood,amitabhbach,120009
Bollywood Top50 Female Stars,Amrita Rao,amritarao,Amrita+Rao,Amrita%2BRao,Amrita-Rao,Amrita_Rao,,http://www.webindia123.com/personality/women/amrita_rao/amritarao.jpg,http://news.search.yahoo.com/rss?ei=UTF-8&p=Amrita+Rao,,,http://www.pinkvilla.com/category/entertainmenttags/Amrita-Rao/feed,,http://feed.photobucket.com/images/amrita+rao+photo/feed.rss,,Amritaraotweetz,https://www.facebook.com/feeds/page.php?id=14174011829&format=atom10,Official Website,Amrita Rao,http://www.amrita-rao.com/,Unofficial Fan Site,Amrita Rao Online,http://amritarao.hollywood.com/,Wikipedia,Amrita Rao on Wikipedia,http://en.m.wikipedia.org/wiki/Amrita_Rao,,,,,,,,,,,,,,,,,,,,,,,,,,,,,,,,,,,,,,,com.im.bollywood.amritarao,bollywood,amritarao,120010
Bollywood Top50 Female Stars,Amrita Thapar,amritathapar,Amrita+Thapar,Amrita%2BThapar,Amrita-Thapar,Amrita_Thapar,,http://www.webindia123.com/personality/women/amrita_thapar/amritat.jpg,http://news.search.yahoo.com/rss?ei=UTF-8&p=Amrita+Thapar,,,http://www.pinkvilla.com/category/entertainmenttags/Amrita-Thapar/feed,,http://feed.photobucket.com/images/sameera-reddy/feed.rss,,,,Official Website,,,Unofficial Fan Site,,,Wikipedia,Amrita Thapar on Wikipedia,http://en.m.wikipedia.org/wiki/Amrita_Thapar,,,,,,,,,,,,,,,,,,,,,,,,,,,,,,,,,,,,,,,com.im.bollywood.amritathapar,bollywood,amritathapar,120011
Bollywood Top50 Female Stars,Anchal Kumar,anchalkumar,Anchal+Kumar,Anchal%2BKumar,Anchal-Kumar,Anchal_Kumar,,http://www.webindia123.com/personality/women/anchal_kumar/anchal.jpg,http://news.search.yahoo.com/rss?ei=UTF-8&p=Anchal+Kumar,,,http://www.pinkvilla.com/category/entertainmenttags/Anchal-Kumar/feed,,,,anchalk,https://www.facebook.com/feeds/page.php?id=132085390176792&format=atom10,Official Website,,,Unofficial Fan Site,,,Wikipedia,Anchal Kumar on Wikipedia,http://en.m.wikipedia.org/wiki/Anchal_Kumar,,,,,,,,,,,,,,,,,,,,,,,,,,,,,,,,,,,,,,,com.im.bollywood.anchalkumar,bollywood,anchalkumar,120012
Bollywood Top50 Male Stars,Apoorva Agnihotri,apoorvaagnihotri,Apoorva+Agnihotri,Apoorva%2BAgnihotri,Apoorva-Agnihotri,Apoorva_Agnihotri,,http://www.webindia123.com/personality/men/apoorva_agnihotri/apoorva.jpg,http://news.search.yahoo.com/rss?ei=UTF-8&p=Apoorva+Agnihotri,,,http://www.pinkvilla.com/category/entertainmenttags/Apoorva-Agnihotri/feed,,,,,,Official Website,,,Unofficial Fan Site,,,Wikipedia,Apoorva Agnihotri on Wikipedia,http://en.m.wikipedia.org/wiki/Apoorva_Agnihotri,,,,,,,,,,,,,,,,,,,,,,,,,,,,,,,,,,,,,,,com.im.bollywood.apoorvaagnihotri,bollywood,apoorva,120013
Bollywood Top50 Male Stars,Arjun Rampal,arjunrampal,Arjun+Rampal,Arjun%2BRampal,Arjun-Rampal,Arjun_Rampal,,http://www.webindia123.com/personality/men/arjun_rampal/arjun.jpg,http://news.search.yahoo.com/rss?ei=UTF-8&p=Arjun+Rampal,,,http://www.pinkvilla.com/category/entertainmenttags/Arjun-Rampal/feed,,http://feed.photobucket.com/images/arjun+rampal/feed.rss,http://rss.starpulse.com/rss/topic.videos.rss.php?topic_path=Actors/Rampal%2C_Arjun/&topic_name=Arjun+Rampal,rampalarjun,https://www.facebook.com/feeds/page.php?id=155508794461359&format=atom10,Official Website,,,Unofficial Fan Site,Arjun Rampal Online,http://www.arjunrampal.org/,Wikipedia,Arjun Rampal on Wikipedia,http://en.m.wikipedia.org/wiki/Arjun_Rampal,,,,,,,,,,,,,,,,,,,,,,,,,,,,,,,,,,,,,,,com.im.bollywood.arjunrampal,bollywood,arjunrampal,120014
Bollywood Top50 Male Stars,Ashmit Patel,ashmitpatel,Ashmit+Patel,Ashmit%2BPatel,Ashmit-Patel,Ashmit_Patel,,http://www.webindia123.com/personality/men/ashmit_patel/ashmit.jpg,http://news.search.yahoo.com/rss?ei=UTF-8&p=Ashmit+Patel,,,http://www.pinkvilla.com/category/entertainmenttags/Ashmit-Patel/feed,,http://feed.photobucket.com/images/ashmit+patel/feed.rss,,AshmitPatel,https://www.facebook.com/feeds/page.php?id=120208044702174&format=atom10,Official Website,,,Unofficial Fan Site,,,Wikipedia,Ashmit Patel on Wikipedia,http://en.m.wikipedia.org/wiki/Ashmit_Patel,,,,,,,,,,,,,,,,,,,,,,,,,,,,,,,,,,,,,,,com.im.bollywood.ashmitpatel,bollywood,ashmitpatel,120015
Bollywood Top50 Female Stars,Asin,asin,Asin,Asin,Asin,Asin,,http://www.webindia123.com/personality/women/asin/asin.jpg,http://news.search.yahoo.com/rss?ei=UTF-8&p=Asin,,,http://www.pinkvilla.com/category/entertainmenttags/Asin/feed,,http://feed.photobucket.com/images/asin+photos/feed.rss,,asin_thottumkal,https://www.facebook.com/feeds/page.php?id=52071964554&format=atom10,Official Website,Asin Online,http://www.asinonline.com/,Unofficial Fan Site,Asin Fan Club,http://www.myasin.com/,Wikipedia,Asin on Wikipedia,http://en.m.wikipedia.org/wiki/Asin,,,,,,,,,,,,,,,,,,,,,,,,,,,,,,,,,,,,,,,com.im.bollywood.asin,bollywood,asin,120016
Bollywood Top50 Female Stars,Ayesha Takia,ayeshatakia,Ayesha+Takia,Ayesha%2BTakia,Ayesha-Takia,Ayesha_Takia,,http://www.webindia123.com/personality/women/ayesha_takia/ayesha.jpg,http://news.search.yahoo.com/rss?ei=UTF-8&p=Ayesha+Takia,,,http://www.pinkvilla.com/category/entertainmenttags/Ayesha-Takia/feed,,http://feed.photobucket.com/images/ayesha+takia/feed.rss,,Ayeshatakia,https://www.facebook.com/feeds/page.php?id=99600397565&format=atom10,Official Website,,,Unofficial Fan Site,Ayesha Takia Fansite,http://www.ayeshatakiapics.com/,Wikipedia,Ayesha Takia on Wikipedia,http://en.m.wikipedia.org/wiki/Ayesha_Takia,,,,,,,,,,,,,,,,,,,,,,,,,,,,,,,,,,,,,,,com.im.bollywood.ayeshatakia,bollywood,ayeshatakia,120017
Bollywood Top50 Female Stars,Bhoomika Chawla,bhoomikachawla,Bhoomika+Chawla,Bhoomika%2BChawla,Bhoomika-Chawla,Bhoomika_Chawla,,http://www.webindia123.com/personality/women/bhoomika_chawla/bhoomika.jpg,http://news.search.yahoo.com/rss?ei=UTF-8&p=Bhoomika+Chawla,,,http://www.pinkvilla.com/category/entertainmenttags/Bhoomika-Chawla/feed,,http://feed.photobucket.com/images/bhoomika+chawla/feed.rss,,,http://www.facebook.com/feeds/page.php?id=207535495868&format=atom10,Official Website,Bhumika Chawla,http://www.bhumikachawla.info/,Unofficial Fan Site,Bhumika Chawla Facebook Fan Page,www.facebook.com/pages/Bhumika-Chawla-Fan-Page.../211011015597694,Wikipedia,Bhoomika Chawla on Wikipedia,http://en.m.wikipedia.org/wiki/Bhoomika_Chawla,,,,,,,,,,,,,,,,,,,,,,,,,,,,,,,,,,,,,,,com.im.bollywood.bhoomikachawla,bollywood,bhoomika,120018
Bollywood Top50 Female Stars,Bipasha Basu,bipashabasu,Bipasha+Basu,Bipasha%2BBasu,Bipasha-Basu,Bipasha_Basu,,http://www.webindia123.com/personality/women/bipasha_basu/bipasha.jpg,http://news.search.yahoo.com/rss?ei=UTF-8&p=Bipasha+Basu,,,http://www.pinkvilla.com/category/entertainmenttags/Bipasha-Basu/feed,,http://feed.photobucket.com/images/bipasha+basu/feed.rss,http://rss.starpulse.com/rss/topic.videos.rss.php?topic_path=Actresses/Basu%2C_Bipasha/&topic_name=Bipasha+Basu,bipsluvurself ,https://www.facebook.com/feeds/page.php?id=160615060616162&format=atom10,Official Website,Bipasha Basu,http://www.bipashabasunet.com/,Unofficial Fan Site,Bipasha Basu Fansite,http://www.bipashabasu.ws/,Wikipedia,Bipasha Basu on Wikipedia,http://en.m.wikipedia.org/wiki/Bipasha_Basu,,,,,,,,,,,,,,,,,,,,,,,,,,,,,,,,,,,,,,,com.im.bollywood.bipashabasu,bollywood,bipashabasu,120019
Bollywood Top50 Male Stars,Bobby Deol,bobbydeol,Bobby+Deol,Bobby%2BDeol,Bobby-Deol,Bobby_Deol,,http://www.webindia123.com/personality/men/bobby_deol/bobby.jpg,http://news.search.yahoo.com/rss?ei=UTF-8&p=Bobby+Deol,,,http://www.pinkvilla.com/category/entertainmenttags/Bobby-Deol/feed,,http://feed.photobucket.com/images/bobby+deol/feed.rss,http://rss.starpulse.com/rss/topic.videos.rss.php?topic_path=Actors/Deol%2C_Bobby/&topic_name=Bobby+Deol,,https://www.facebook.com/feeds/page.php?id=45024739167&format=atom10,Official Website,,,Unofficial Fan Site,,,Wikipedia,Bobby Deol on Wikipedia,http://en.m.wikipedia.org/wiki/Bobby_Deol,,,,,,,,,,,,,,,,,,,,,,,,,,,,,,,,,,,,,,,com.im.bollywood.bobbydeol,bollywood,bobbydeol,120020
Bollywood Top50 Female Stars,Deepika Padukone,deepikapadukone,Deepika+Padukone,Deepika%2BPadukone,Deepika-Padukone,Deepika_Padukone,,http://www.webindia123.com/personality/women/deepika_padukone/deepika.jpg,http://news.search.yahoo.com/rss?ei=UTF-8&p=Deepika+Padukone,,,http://www.pinkvilla.com/category/entertainmenttags/Deepika-Padukone/feed,http://rss.starpulse.com/rss/topic.videos.rss.php?topic_path=Actresses/Padukone%2C_Deepika/&topic_name=Deepika+Padukone,http://rss.starpulse.com/rss/topic.photos.rss.php?topic_path=Actresses/Padukone%2C_Deepika&topic_name=Deepika%20Padukone,http://rss.starpulse.com/rss/topic.videos.rss.php?topic_path=Actresses/Padukone%2C_Deepika/&topic_name=Deepika+Padukone,deepikapadukone,http://www.facebook.com/feeds/page.php?id=138511342836904&format=atom10,Official Website,Deepika Padukone Official,http://www.deepikapadukone.co.in/,Unofficial Fan Site,Fan Club on Facebook,http://www.facebook.com/pages/Dipika-padukone-official-fan-club/158835587481687?sk=wall,Wikipedia,Deepika Padukone on Wikipedia,http://en.m.wikipedia.org/wiki/Deepika_Padukone,,,,,,,,Great Deepika Padukone memorabilia on eBay,http://shop.mobileweb.ebay.com/searchresults?cmd=SKW&kw=Deepika+Padukone&x=0&y=0,http://rover.ebay.com/rover/1/711-53200-19255-0/1?ff3=4&pub=5574960523&toolid=10001&campid=5336835077&customid=&mpre=http%3A%2F%2Fshop.mobileweb.ebay.com%2Fsearchresults%3Fcmd%3DSKW%26kw%3DDeepika%2BPadukone%26x%3D0%26y%3D0,,,,,,,,,,,,,,,,,,,,,,,,,,,,,com.im.bollywood.deepikapadukone,bollywood,dpadukone,120021
Bollywood Top50 Female Stars,Dia Mirza,diamirza,Dia+Mirza,Dia%2BMirza,Dia-Mirza,Dia_Mirza,,http://www.webindia123.com/personality/women/dia_mirza/diamirza.jpg,http://news.search.yahoo.com/rss?ei=UTF-8&p=Dia+Mirza,,,http://www.pinkvilla.com/category/entertainmenttags/Dia-Mirza/feed,,http://feed.photobucket.com/images/dia+mirza/feed.rss,,deespeak,https://www.facebook.com/feeds/page.php?id=122441897790045&format=atom10,Official Website,,,Unofficial Fan Site,Dia Mirza Facebook Fan Club,https://www.facebook.com/DiaMirzaFanClub,Wikipedia,Dia Mirza on Wikipedia,http://en.m.wikipedia.org/wiki/Dia_Mirza,,,,,,,,,,,,,,,,,,,,,,,,,,,,,,,,,,,,,,,com.im.bollywood.diamirza,bollywood,diamirza,120022
Bollywood Top50 Female Stars,Diana Hayden,dianahayden,Diana+Hayden,Diana%2BHayden,Diana-Hayden,Diana_Hayden,,http://www.webindia123.com/personality/women/diana_hayden/diana.jpg,http://news.search.yahoo.com/rss?ei=UTF-8&p=Diana+Hayden,,,http://www.pinkvilla.com/category/entertainmenttags/Diana-Hayden/feed,,http://feed.photobucket.com/images/diana+hayden/feed.rss,,Diana_Hayden,http://www.facebook.com/feeds/page.php?id=183047231723337&format=atom10,Official Website,Diana Hayden,http://dianahayden.com/,Unofficial Fan Site,,,Wikipedia,Diana Hayden on Wikipedia,http://en.m.wikipedia.org/wiki/Diana_Hayden,,,,,,,,,,,,,,,,,,,,,,,,,,,,,,,,,,,,,,,com.im.bollywood.dianahayden,bollywood,dianahayden,120023
Bollywood Top50 Male Stars,Dino Morea,dinomorea,Dino+Morea,Dino%2BMorea,Dino-Morea,Dino_Morea,,http://www.webindia123.com/personality/men/dino_morea/dino.jpg,http://news.search.yahoo.com/rss?ei=UTF-8&p=Dino+Morea,,,http://www.pinkvilla.com/category/entertainmenttags/Dino-Morea/feed,,http://feed.photobucket.com/images/dino+morea/feed.rss,,DinoMorea9,https://www.facebook.com/feeds/page.php?id=48744864109&format=atom10,Official Website,,,Unofficial Fan Site,,,Wikipedia,Dino Morea on Wikipedia,http://en.m.wikipedia.org/wiki/Dino_Morea,,,,,,,,,,,,,,,,,,,,,,,,,,,,,,,,,,,,,,,com.im.bollywood.dinomorea,bollywood,dinomorea,120024
Bollywood Top50 Male Stars,Emran Hashmi,emranhashmi,Emran+Hashmi,Emran%2BHashmi,Emran-Hashmi,Emran_Hashmi,,http://www.webindia123.com/personality/men/emran_hashmi/emran.jpg,http://news.search.yahoo.com/rss?ei=UTF-8&p=Emran+Hashmi,,,http://www.pinkvilla.com/category/entertainmenttags/Emran-Hashmi/feed,,http://feed.photobucket.com/images/emran+hashmi/feed.rss,,emraanhashmi,https://www.facebook.com/feeds/page.php?id=133562520010891&format=atom10,Official Website,,,Unofficial Fan Site,Emraan Hashimi Facebook Fan Page,www.facebook.com/emraanhashmifanclub,Wikipedia,Emran Hashmi on Wikipedia,http://en.m.wikipedia.org/wiki/Emran_Hashmi,,,,,,,,,,,,,,,,,,,,,,,,,,,,,,,,,,,,,,,com.im.bollywood.emranhashmi,bollywood,emranhashmi,120025
Bollywood Top50 Female Stars,Gayatri Joshi,gayatrijoshi,Gayatri+Joshi,Gayatri%2BJoshi,Gayatri-Joshi,Gayatri_Joshi,,http://www.webindia123.com/personality/women/gayatri_joshi/gayatri.jpg,http://news.search.yahoo.com/rss?ei=UTF-8&p=Gayatri+Joshi,,,http://www.pinkvilla.com/category/entertainmenttags/Gayatri-Joshi/feed,,http://feed.photobucket.com/images/gayatri+joshi/feed.rss,,,https://www.facebook.com/feeds/page.php?id=177507775596279&format=atom10,Official Website,Gayatri Joshi Official,http://www.gayatrivairagkarjoshi.com/,Unofficial Fan Site,,,Wikipedia,Gayatri Joshi on Wikipedia,http://en.m.wikipedia.org/wiki/Gayatri_Joshi,,,,,,,,,,,,,,,,,,,,,,,,,,,,,,,,,,,,,,,com.im.bollywood.gayatrijoshi,bollywood,gayatrijoshi,120026
Bollywood Top50 Female Stars,Hema Malini,hemamalini,Hema+Malini,Hema%2BMalini,Hema-Malini,Hema_Malini,,http://www.webindia123.com/personality/women/hema_malini/hema.jpg,http://news.search.yahoo.com/rss?ei=UTF-8&p=Hema+Malini,,,http://www.pinkvilla.com/category/entertainmenttags/Hema-Malini/feed,,http://feed.photobucket.com/images/hema+malini/feed.rss,http://feed.photobucket.com/videos/hema+malini/feed.rss,,http://www.facebook.com/feeds/page.php?id=116907721721890&format=atom10,Official Website,,,Unofficial Fan Site,,,Wikipedia,Hema Malini on Wikipedia,http://en.m.wikipedia.org/wiki/Hema_Malini,,,,,,,,,,,,,,,,,,,,,,,,,,,,,,,,,,,,,,,com.im.bollywood.hemamalini,bollywood,hemamalini,120027
Bollywood Top50 Male Stars,Hrithik Roshan,hrithikroshan,Hrithik+Roshan,Hrithik%2BRoshan,Hrithik-Roshan,Hrithik_Roshan,,http://www.webindia123.com/personality/men/hrithik_roshan/hrithik.jpg,http://news.search.yahoo.com/rss?ei=UTF-8&p=Hrithik+Roshan,,,http://www.pinkvilla.com/category/entertainmenttags/Hrithik-Roshan/feed,http://rss.starpulse.com/rss/topic.news.rss.php?topic_path=Actors/Roshan%2C_Hrithik/&topic_name=Hrithik%20Roshan,http://feed.photobucket.com/images/hrithik+roshan/feed.rss,http://rss.starpulse.com/rss/topic.videos.rss.php?topic_path=Actors/Roshan%2C_Hrithik/&topic_name=Hrithik+Roshan,iHrithik,https://www.facebook.com/feeds/page.php?id=367538129406&format=atom10,Official Website,,,Unofficial Fan Site,Hrithik Roshan Fan Site,http://www.hrithik-roshan.net/,Wikipedia,Hrithik Roshan on Wikipedia,http://en.m.wikipedia.org/wiki/Hrithik_Roshan,,,,,,,,,,,,,,,,,,,,,,,,,,,,,,,,,,,,,,,com.im.bollywood.hrithikroshan,bollywood,hrithikros,120028
Bollywood Top50 Male Stars,Hussain Kuwajerwala,hussainkuwajerwala,Hussain+Kuwajerwala,Hussain%2BKuwajerwala,Hussain-Kuwajerwala,Hussain_Kuwajerwala,,http://www.webindia123.com/personality/men/hussain_kuwajerwala/hussain1.jpg,http://news.search.yahoo.com/rss?ei=UTF-8&p=Hussain+Kuwajerwala,,,http://www.pinkvilla.com/category/entertainmenttags/Hussain-Kuwajerwala/feed,,,,,http://www.facebook.com/feeds/page.php?id=157408340949653&format=atom10,Official Website,,,Unofficial Fan Site,,,Wikipedia,Hussain Kuwajerwala on Wikipedia,http://en.m.wikipedia.org/wiki/Hussain_Kuwajerwala,,,,,,,,,,,,,,,,,,,,,,,,,,,,,,,,,,,,,,,com.im.bollywood.hussainkuwajerwala,bollywood,hkuwajerwala,120029
Bollywood Top50 Male Stars,Irfan Pathan,irfanpathan,Irfan+Pathan,Irfan%2BPathan,Irfan-Pathan,Irfan_Pathan,,http://www.webindia123.com/personality/men/irafan_khan/irfan.jpg,http://news.search.yahoo.com/rss?ei=UTF-8&p=Irfan+Pathan,,,http://www.pinkvilla.com/category/entertainmenttags/Irfan-Pathan/feed,,http://feed.photobucket.com/images/sidharth/feed.rss,,irfanpthan ,https://www.facebook.com/feeds/page.php?id=76507912353&format=atom10,Official Website,,,Unofficial Fan Site,,,Wikipedia,Irfan Pathan on Wikipedia,http://en.m.wikipedia.org/wiki/Irfan_Pathan,,,,,,,,,,,,,,,,,,,,,,,,,,,,,,,,,,,,,,,com.im.bollywood.irfanpathan,bollywood,irfanpathan,120030
Bollywood Top50 Male Stars,Jatin Grewal,jatingrewal,Jatin+Grewal,Jatin%2BGrewal,Jatin-Grewal,Jatin_Grewal,,http://www.webindia123.com/personality/men/jatin_grewal/jatin.jpg,http://news.search.yahoo.com/rss?ei=UTF-8&p=Jatin+Grewal,,,http://www.pinkvilla.com/category/entertainmenttags/Jatin-Grewal/feed,,,,,http://www.facebook.com/feeds/page.php?id=165907336786490&format=atom10,Official Website,,,Unofficial Fan Site,,,Wikipedia,Jatin Grewal on Wikipedia,http://en.m.wikipedia.org/wiki/Jatin_Grewal,,,,,,,,,,,,,,,,,,,,,,,,,,,,,,,,,,,,,,,com.im.bollywood.jatingrewal,bollywood,jatingrewal,120031
Bollywood Top50 Male Stars,Jayam Ravi,jayamravi,Jayam+Ravi,Jayam%2BRavi,Jayam-Ravi,Jayam_Ravi,,http://www.webindia123.com/personality/men/jayam_ravi/ravi.jpg,http://news.search.yahoo.com/rss?ei=UTF-8&p=Jayam+Ravi,,,http://www.pinkvilla.com/category/entertainmenttags/Jayam-Ravi/feed,,http://feed.photobucket.com/images/jayam+ravi/feed.rss,,actor_jayamravi,https://www.facebook.com/feeds/page.php?id=142537408319&format=atom10,Official Website,Jayam Ravi Online,http://www.jayamravionline.com/,Unofficial Fan Site,Jayam Ravi Fans Club,http://www.jayamravifansclub.blogspot.com/,Wikipedia,Jayam Ravi on Wikipedia,http://en.m.wikipedia.org/wiki/Jayam_Ravi,,,,,,,,,,,,,,,,,,,,,,,,,,,,,,,,,,,,,,,com.im.bollywood.jayamravi,bollywood,jayamravi,120032
Bollywood Top50 Male Stars,John Abraham,johnabraham,John+Abraham,John%2BAbraham,John-Abraham,John_Abraham,,http://www.webindia123.com/personality/men/john_abraham/john.jpg,http://news.search.yahoo.com/rss?ei=UTF-8&p=John+Abraham,,,http://www.pinkvilla.com/category/entertainmenttags/John-Abraham/feed,,http://feed.photobucket.com/images/john+abraham/feed.rss,http://feed.photobucket.com/videos/john+abraham/feed.rss,john_abraham,https://www.facebook.com/feeds/page.php?id=63161647189&format=atom10,Official Website,John Abraham Official,http://utvjohn.com/,Unofficial Fan Site,John Abraham Fan Site,http://www.johnabrahamhot.com/,Wikipedia,John Abraham on Wikipedia,http://en.m.wikipedia.org/wiki/John_Abraham,,,,,,,,,,,,,,,,,,,,,,,,,,,,,,,,,,,,,,,com.im.bollywood.johnabraham,bollywood,johnabraham,120033
Bollywood Top50 Female Stars,Juhi Chawla,juhichawla,Juhi+Chawla,Juhi%2BChawla,Juhi-Chawla,Juhi_Chawla,,http://www.webindia123.com/personality/women/juhi_chawla/juhi.jpg,http://news.search.yahoo.com/rss?ei=UTF-8&p=Juhi+Chawla,,,http://www.pinkvilla.com/category/entertainmenttags/Juhi-Chawla/feed,,http://feed.photobucket.com/images/juhi+chawla/feed.rss,http://rss.starpulse.com/rss/topic.videos.rss.php?topic_path=Actresses/Chawla%2C_Juhi/&topic_name=Juhi+Chawla,iam_juhi,https://www.facebook.com/feeds/page.php?id=56780143085&format=atom10,Official Website,,,Unofficial Fan Site,,,Wikipedia,Juhi Chawla on Wikipedia,http://en.m.wikipedia.org/wiki/Juhi_Chawla,,,,,,,,,,,,,,,,,,,,,,,,,,,,,,,,,,,,,,,com.im.bollywood.juhichawla,bollywood,juhichawla,120034
Bollywood Top50 Female Stars,Kajol,kajol,Kajol,Kajol,Kajol,Kajol,,http://www.webindia123.com/personality/women/kajol_devgan/kajol.jpg,http://news.search.yahoo.com/rss?ei=UTF-8&p=Kajol,,,http://www.pinkvilla.com/category/entertainmenttags/Kajol/feed,http://rss.starpulse.com/rss/topic.videos.rss.php?topic_path=Actresses/Kajol/&topic_name=Kajol,http://feed.photobucket.com/images/kajol/feed.rss,http://rss.starpulse.com/rss/topic.videos.rss.php?topic_path=Actresses/Kajol/&topic_name=Kajol,KajolOnline,,Official Website,Kajol Official Page,http://www.kajol-mania.net/wp,Unofficial Fan Site,,,Wikipedia,Kajol on Wikipedia,http://en.m.wikipedia.org/wiki/Kajol,,,,,,,,,,,,,,,,,,,,,,,,,,,,,,,,,,,,,,,com.im.bollywood.kajol,bollywood,kajol,120035
Bollywood Top50 Male Stars,Karan Nath,karannath,Karan+Nath,Karan%2BNath,Karan-Nath,Karan_Nath,,http://www.webindia123.com/personality/men/karan_nath/karan.jpg,http://news.search.yahoo.com/rss?ei=UTF-8&p=Karan+Nath,,,http://www.pinkvilla.com/category/entertainmenttags/Karan-Nath/feed,,http://feed.photobucket.com/images/karan+nath/feed.rss,,,http://www.facebook.com/feeds/page.php?id=173608296022523&format=atom10,Official Website,,,Unofficial Fan Site,,,Wikipedia,Karan Nath on Wikipedia,http://en.m.wikipedia.org/wiki/Karan_Nath,,,,,,,,,,,,,,,,,,,,,,,,,,,,,,,,,,,,,,,com.im.bollywood.karannath,bollywood,karannath,120036
Bollywood Top50 Female Stars,Kareena Kapoor,kareenakapoor,Kareena+Kapoor,Kareena%2BKapoor,Kareena-Kapoor,Kareena_Kapoor,,http://www.webindia123.com/personality/women/kareena_kapoor/kareena.jpg,http://news.search.yahoo.com/rss?ei=UTF-8&p=Kareena+Kapoor,,,http://www.pinkvilla.com/category/entertainmenttags/Kareena-Kapoor/feed,http://rss.starpulse.com/rss/topic.news.rss.php?topic_path=Actresses/Kapoor%2C_Kareena/&topic_name=Kareena%20Kapoor,http://feed.photobucket.com/images/kareena-kapoor/feed.rss,http://rss.starpulse.com/rss/topic.videos.rss.php?topic_path=Actresses/Kapoor%2C_Kareena/&topic_name=Kareena+Kapoor,kareenaonline,http://www.facebook.com/feeds/page.php?id=124695417552192&format=atom10,Official Website,Kareena Kapoor,http://www.kareenakapoor.me/,Unofficial Fan Site," Kareena Kapoor unofficial website 
",http://www.kareenakapoor.ws/,Wikipedia,Kareena Kapoor on Wikipedia,http://en.m.wikipedia.org/wiki/Kareena_Kapoor,,,,,,,,,,,,,,,,,,,,,,,,,,,,,,,,,,,,,,,com.im.bollywood.kareenakapoor,bollywood,kkappor,120037
Bollywood Top50 Female Stars,Katrina Kaif,katrinakaif,Katrina+Kaif,Katrina%2BKaif,Katrina-Kaif,Katrina_Kaif,,http://www.webindia123.com/personality/women/katrina_kaif/katrina.jpg,http://news.search.yahoo.com/rss?ei=UTF-8&p=Katrina+Kaif,,,http://www.pinkvilla.com/category/entertainmenttags/Katrina-Kaif/feed,http://rss.starpulse.com/rss/topic.videos.rss.php?topic_path=Actresses/Kaif%2C_Katrina/&topic_name=Katrina+Kaif,http://feed.photobucket.com/images/katrina+kaif+photos/feed.rss,http://rss.starpulse.com/rss/topic.videos.rss.php?topic_path=Actresses/Kaif%2C_Katrina/&topic_name=Katrina+Kaif,katrinakaiffb ,https://www.facebook.com/feeds/page.php?id=211949658827227&format=atom10,Official Website,Katrina Kaif Official,http://www.katrinakaif.co.in/,Unofficial Fan Site,Katrina Kaif Online,http://katrinakaifonline.net/,Wikipedia,Katrina Kaif on Wikipedia,http://en.m.wikipedia.org/wiki/Katrina_Kaif,,,,,,,,,,,,,,,,,,,,,,,,,,,,,,,,,,,,,,,com.im.bollywood.katrinakaif,bollywood,katrinakaif,120038
Bollywood Top50 Female Stars,Koel Mullick,koelmullick,Koel+Mullick,Koel%2BMullick,Koel-Mullick,Koel_Mullick,,http://www.webindia123.com/personality/women/koel_mullick/keol.jpg,http://news.search.yahoo.com/rss?ei=UTF-8&p=Koel+Mullick,,,http://www.pinkvilla.com/category/entertainmenttags/Koel-Mullick/feed,,http://feed.photobucket.com/images/koel+mullick/feed.rss,,yourkoel,https://www.facebook.com/feeds/page.php?id=162174327132303&format=atom10,Official Website,,,Unofficial Fan Site,Koel Online,http://koelonline.co.nr/,Wikipedia,Koel Mullick on Wikipedia,http://en.m.wikipedia.org/wiki/Koel_Mullick,,,,,,,,,,,,,,,,,,,,,,,,,,,,,,,,,,,,,,,com.im.bollywood.koelmullick,bollywood,koelmullick,120039
Bollywood Top50 Female Stars,Koena Mitra,koenamitra,Koena+Mitra,Koena%2BMitra,Koena-Mitra,Koena_Mitra,,http://www.webindia123.com/personality/women/koena_mitra/koena.jpg,http://news.search.yahoo.com/rss?ei=UTF-8&p=Koena+Mitra,,,http://www.pinkvilla.com/category/entertainmenttags/Koena-Mitra/feed,,http://feed.photobucket.com/images/koena+mitra/feed.rss,http://feed.photobucket.com/videos/kareena-kapoor/feed.rss,koenamitra,https://www.facebook.com/feeds/page.php?id=113110755370088&format=atom10,Official Website,Koena Mitra Official,http://www.koenamitra.me/,Unofficial Fan Site,,,Wikipedia,Koena Mitra on Wikipedia,http://en.m.wikipedia.org/wiki/Koena_Mitra,,,,,,,,,,,,,,,,,,,,,,,,,,,,,,,,,,,,,,,com.im.bollywood.koenamitra,bollywood,koenamitra,120040
Bollywood Top50 Male Stars,Kunal Kapoor,kunalkapoor,Kunal+Kapoor,Kunal%2BKapoor,Kunal-Kapoor,Kunal_Kapoor,,http://www.webindia123.com/personality/men/kunal_kapoor/kunal2.jpg,http://news.search.yahoo.com/rss?ei=UTF-8&p=Kunal+Kapoor,,,http://www.pinkvilla.com/category/entertainmenttags/Kunal-Kapoor/feed,,http://feed.photobucket.com/images/kunal+kapoor/feed.rss,,kunalkkapoor,http://www.facebook.com/feeds/page.php?id=109703049105954&format=atom10,Official Website,,,Unofficial Fan Site,Kunal Kapoor Fan site,http://www.kunal-kapoor.com/,Wikipedia,Kunal Kapoor on Wikipedia,http://en.m.wikipedia.org/wiki/Kunal_Kapoor,,,,,,,,,,,,,,,,,,,,,,,,,,,,,,,,,,,,,,,com.im.bollywood.kunalkapoor,bollywood,kunalkapoor,120041
Bollywood Top50 Female Stars,Lara Dutta,laradutta,Lara+Dutta,Lara%2BDutta,Lara-Dutta,Lara_Dutta,,http://www.webindia123.com/personality/women/lara_dutta/laradutta.jpg,http://news.search.yahoo.com/rss?ei=UTF-8&p=Lara+Dutta,,,http://www.pinkvilla.com/category/entertainmenttags/Lara-Dutta/feed,,http://feed.photobucket.com/images/lara+dutta/feed.rss,http://rss.starpulse.com/rss/topic.videos.rss.php?topic_path=Supermodels/Dutta%2C_Lara/&topic_name=Lara+Dutta,DuttaLara,https://www.facebook.com/feeds/page.php?id=62011659600&format=atom10,Official Website,Lara Dutta,http://mylaradutta.com/,Unofficial Fan Site,Lara Dutta Fan Site,http://www.lara-dutta.org/,Wikipedia,Lara Dutta on Wikipedia,http://en.m.wikipedia.org/wiki/Lara_Dutta,,,,,,,,,,,,,,,,,,,,,,,,,,,,,,,,,,,,,,,com.im.bollywood.laradutta,bollywood,laradutta,120042
Bollywood Top50 Female Stars,Madhuri Dixit,madhuridixit,Madhuri+Dixit,Madhuri%2BDixit,Madhuri-Dixit,Madhuri_Dixit,,http://www.webindia123.com/personality/women/madhuri_dixit/madhuri.jpg,http://news.search.yahoo.com/rss?ei=UTF-8&p=Madhuri+Dixit,,,http://www.pinkvilla.com/category/entertainmenttags/Madhuri-Dixit/feed,http://rss.starpulse.com/rss/topic.news.rss.php?topic_path=Actresses/Dixit%2C_Madhuri/&topic_name=Madhuri%20Dixit,http://feed.photobucket.com/images/madhuri+dixit/feed.rss,http://rss.starpulse.com/rss/topic.videos.rss.php?topic_path=Actresses/Dixit%2C_Madhuri/&topic_name=Madhuri+Dixit,MadhuriDixit1,https://www.facebook.com/feeds/page.php?id=14019737132&format=atom10,Official Website,,,Unofficial Fan Site,Madhuri Dixit Facebook Fan Club,https://www.facebook.com/pages/Madhuri-Dixit-Nene-Fan-Based-Page/177957082228060?sk=wall,Wikipedia,Madhuri Dixit on Wikipedia,http://en.m.wikipedia.org/wiki/Madhuri_Dixit,,,,,,,,,,,,,,,,,,,,,,,,,,,,,,,,,,,,,,,com.im.bollywood.madhuridixit,bollywood,madhuridixit,120043
Bollywood Top50 Female Stars,Mahek Chahal,mahekchahal,Mahek+Chahal,Mahek%2BChahal,Mahek-Chahal,Mahek_Chahal,,http://www.webindia123.com/personality/women/mahek_chahal/mahek.jpg,http://news.search.yahoo.com/rss?ei=UTF-8&p=Mahek+Chahal,,,http://www.pinkvilla.com/category/entertainmenttags/Mahek-Chahal/feed,,http://feed.photobucket.com/images/mahek+chahal/feed.rss,,,http://www.facebook.com/feeds/page.php?id=156002234431982&format=atom10,Official Website,,,Unofficial Fan Site,,,Wikipedia,Mahek Chahal on Wikipedia,http://en.m.wikipedia.org/wiki/Mahek_Chahal,,,,,,,,,,,,,,,,,,,,,,,,,,,,,,,,,,,,,,,com.im.bollywood.mahekchahal,bollywood,mahekchahal,120044
Bollywood Top50 Male Stars,Maheshbabu,maheshbabu,Maheshbabu,Maheshbabu,Maheshbabu,Maheshbabu,,http://www.webindia123.com/personality/men/mahesh_babu/mahesh.jpg,http://news.search.yahoo.com/rss?ei=UTF-8&p=Maheshbabu,,,http://www.pinkvilla.com/category/entertainmenttags/Maheshbabu/feed,,http://feed.photobucket.com/images/maheshbabu/feed.rss,,urstrulyMahesh,http://www.facebook.com/feeds/page.php?id=134056423303331&format=atom10,Official Website,Maheshbabu Official,http://www.princemahesh.com/,Unofficial Fan Site,Mahesh Babu Fans site,http://www.princeofandhra.com/,Wikipedia,Maheshbabu on Wikipedia,http://en.m.wikipedia.org/wiki/Maheshbabu,,,,,,,,,,,,,,,,,,,,,,,,,,,,,,,,,,,,,,,com.im.bollywood.maheshbabu,bollywood,maheshbabu,120045
Bollywood Top50 Female Stars,Mahima Chaudhary,mahimachaudhary,Mahima+Chaudhary,Mahima%2BChaudhary,Mahima-Chaudhary,Mahima_Chaudhary,,http://www.webindia123.com/personality/women/mahima_chaudhary/mahima.jpg,http://news.search.yahoo.com/rss?ei=UTF-8&p=Mahima+Chaudhary,,,http://www.pinkvilla.com/category/entertainmenttags/Mahima-Chaudhary/feed,,http://feed.photobucket.com/images/mahima+chaudhary/feed.rss,,,http://www.facebook.com/feeds/page.php?id=156863664377172&format=atom10,Official Website,,,Unofficial Fan Site,,,Wikipedia,Mahima Chaudhary on Wikipedia,http://en.m.wikipedia.org/wiki/Mahima_Chaudhary,,,,,,,,,,,,,,,,,,,,,,,,,,,,,,,,,,,,,,,com.im.bollywood.mahimachaudhary,bollywood,mchaudhary,120046
Bollywood Top50 Male Stars,Mammooty,mammooty,Mammooty,Mammooty,Mammooty,Mammooty,,http://www.webindia123.com/personality/men/mammooty/mammootty.jpg,http://news.search.yahoo.com/rss?ei=UTF-8&p=Mammooty,,,http://www.pinkvilla.com/category/entertainmenttags/Mammooty/feed,,http://feed.photobucket.com/images/mammooty/feed.rss,,mammoottylive,https://www.facebook.com/feeds/page.php?id=99493224328&format=atom10,Official Website,Mammootty Official,http://www.mammootty.com/#,Unofficial Fan Site,Mammooty Fans site,http://mammoottyfanin.blogspot.com/,Wikipedia,Mammooty on Wikipedia,http://en.m.wikipedia.org/wiki/Mammooty,,,,,,,,,,,,,,,,,,,,,,,,,,,,,,,,,,,,,,,com.im.bollywood.mammooty,bollywood,mammooty,120047
Bollywood Top50 Female Stars,Meena,meena,Meena,Meena,Meena,Meena,,http://www.webindia123.com/personality/women/meena/meena.jpg,http://news.search.yahoo.com/rss?ei=UTF-8&p=Meena,,,http://www.pinkvilla.com/category/entertainmenttags/Meena/feed,,http://feed.photobucket.com/images/meena/feed.rss,http://feed.photobucket.com/videos/meena/feed.rss,,http://www.facebook.com/feeds/page.php?id=92713943844&format=atom10,Official Website,,,Unofficial Fan Site,,,Wikipedia,Meena on Wikipedia,http://en.m.wikipedia.org/wiki/Meena,,,,,,,,,,,,,,,,,,,,,,,,,,,,,,,,,,,,,,,com.im.bollywood.meena,bollywood,meena,120048
Bollywood Top50 Male Stars,Mimoh Chakraborthy,mimohchakraborthy,Mimoh+Chakraborthy,Mimoh%2BChakraborthy,Mimoh-Chakraborthy,Mimoh_Chakraborthy,,http://www.webindia123.com/personality/men/mimoh_chakraborthy/mimoh.jpg,http://news.search.yahoo.com/rss?ei=UTF-8&p=Mimoh+Chakraborthy,,,http://www.pinkvilla.com/category/entertainmenttags/Mimoh-Chakraborthy/feed,,http://feed.photobucket.com/images/mimoh+chakraborthy/feed.rss,,Mahaakshay,https://www.facebook.com/feeds/page.php?id=129459167132602&format=atom10,Official Website,,,Unofficial Fan Site,,,Wikipedia,Mimoh Chakraborthy on Wikipedia,http://en.m.wikipedia.org/wiki/Mimoh_Chakraborthy,,,,,,,,,,,,,,,,,,,,,,,,,,,,,,,,,,,,,,,com.im.bollywood.mimohchakraborthy,bollywood,mchakraborthy,120049
Bollywood Top50 Female Stars,Minissha Lamba,minisshalamba,Minissha+Lamba,Minissha%2BLamba,Minissha-Lamba,Minissha_Lamba,,http://www.webindia123.com/personality/women/minissha_lamba/minissha.jpg,http://news.search.yahoo.com/rss?ei=UTF-8&p=Minissha+Lamba,,,http://www.pinkvilla.com/category/entertainmenttags/Minissha-Lamba/feed,,http://feed.photobucket.com/images/minissha+lamba/feed.rss,,Minissha_Lamba,https://www.facebook.com/feeds/page.php?id=206022699000&format=atom10,Official Website,,,Unofficial Fan Site,Minissha Lamba Fan Site,http://www.minissha-lamba.org/fansites.html,Wikipedia,Minissha Lamba on Wikipedia,http://en.m.wikipedia.org/wiki/Minissha_Lamba,,,,,,,,,,,,,,,,,,,,,,,,,,,,,,,,,,,,,,,com.im.bollywood.minisshalamba,bollywood,minissha,120050
Bollywood Top50 Female Stars,Nandana Sen,nandanasen,Nandana+Sen,Nandana%2BSen,Nandana-Sen,Nandana_Sen,,http://www.webindia123.com/personality/women/nandana_sen/nandana.jpg,http://news.search.yahoo.com/rss?ei=UTF-8&p=Nandana+Sen,,,http://www.pinkvilla.com/category/entertainmenttags/Nandana-Sen/feed,,http://feed.photobucket.com/images/nandana+sen/feed.rss,,nandanadevsen,https://www.facebook.com/feeds/page.php?id=118214374862339&format=atom10,Official Website,Nandana Sen Official,http://www.nandanasen.net/,Unofficial Fan Site,,,Wikipedia,Nandana Sen on Wikipedia,http://en.m.wikipedia.org/wiki/Nandana_Sen,,,,,,,,,,,,,,,,,,,,,,,,,,,,,,,,,,,,,,,com.im.bollywood.nandanasen,bollywood,nandanasen,120051
Bollywood Top50 Female Stars,Natassha,natassha,Natassha,Natassha,Natassha,Natassha,,http://www.webindia123.com/personality/women/natassha/natassha.jpg,http://news.search.yahoo.com/rss?ei=UTF-8&p=Natassha,,,http://www.pinkvilla.com/category/entertainmenttags/Natassha/feed,,http://feed.photobucket.com/images/natassha/feed.rss,,,,Official Website,,,Unofficial Fan Site,,,Wikipedia,Natassha on Wikipedia,http://en.m.wikipedia.org/wiki/Natassha,,,,,,,,,,,,,,,,,,,,,,,,,,,,,,,,,,,,,,,com.im.bollywood.natassha,bollywood,natassha,120052
Bollywood Top50 Female Stars,Nayanthara,nayanthara,Nayanthara,Nayanthara,Nayanthara,Nayanthara,,http://www.webindia123.com/personality/women/nayanthara/nayanthara.jpg,http://news.search.yahoo.com/rss?ei=UTF-8&p=Nayanthara,,,http://www.pinkvilla.com/category/entertainmenttags/Nayanthara/feed,,http://feed.photobucket.com/images/nayanthara/feed.rss,http://feed.photobucket.com/images/nayanthara+videos/feed.rss,realnayanthara,http://www.facebook.com/feeds/page.php?id=7986744854&format=atom10,Official Website,Nayanthara,http://nayanthara.sifymax.com/,Unofficial Fan Site,Nayantara Unofficial Website ,http://nayantara.andhalu.com/,Wikipedia,Nayanthara on Wikipedia,http://en.m.wikipedia.org/wiki/Nayanthara,,,,,,,,,,,,,,,,,,,,,,,,,,,,,,,,,,,,,,,com.im.bollywood.nayanthara,bollywood,nayanthara,120053
Bollywood Top50 Male Stars,Prashanth,prashanth,Prashanth,Prashanth,Prashanth,Prashanth,,http://www.webindia123.com/personality/men/prasanth/prasanth.jpg,http://news.search.yahoo.com/rss?ei=UTF-8&p=Prashanth,,,http://www.pinkvilla.com/category/entertainmenttags/Prashanth/feed,,http://feed.photobucket.com/images/prashanth/feed.rss,http://feed.photobucket.com/videos/prashanth/feed.rss,,,Official Website,,,Unofficial Fan Site,,,Wikipedia,Prashanth on Wikipedia,http://en.m.wikipedia.org/wiki/Prashanth,,,,,,,,,,,,,,,,,,,,,,,,,,,,,,,,,,,,,,,com.im.bollywood.prashanth,bollywood,prashanth,120054
Bollywood Top50 Female Stars,Preity Zinta,preityzinta,Preity+Zinta,Preity%2BZinta,Preity-Zinta,Preity_Zinta,,http://www.webindia123.com/personality/women/preity_zinta/preity.jpg,http://news.search.yahoo.com/rss?ei=UTF-8&p=Preity+Zinta,,,http://www.pinkvilla.com/category/entertainmenttags/Preity-Zinta/feed,,http://feed.photobucket.com/images/preity+zinta/feed.rss,http://rss.starpulse.com/rss/topic.videos.rss.php?topic_path=Actresses/Zinta%2C_Preity/&topic_name=Preity+Zinta,realpreityzinta,https://www.facebook.com/feeds/page.php?id=22920179603&format=atom10,Official Website,,,Unofficial Fan Site,Preity Zinta Fan club,http://preityzintafanclub.wordpress.com/,Wikipedia,Preity Zinta on Wikipedia,http://en.m.wikipedia.org/wiki/Preity_Zinta,,,,,,,,,,,,,,,,,,,,,,,,,,,,,,,,,,,,,,,com.im.bollywood.preityzinta,bollywood,preityzinta,120055
Bollywood Top50 Male Stars,Prithviraj Sukumaran,prithvirajsukumaran,Prithviraj+Sukumaran,Prithviraj%2BSukumaran,Prithviraj-Sukumaran,Prithviraj_Sukumaran,,http://www.webindia123.com/personality/men/prithviraj/prithvi.jpg,http://news.search.yahoo.com/rss?ei=UTF-8&p=Prithviraj+Sukumaran,,,http://www.pinkvilla.com/category/entertainmenttags/Prithviraj-Sukumaran/feed,,http://feed.photobucket.com/images/prithviraj+sukumaran/feed.rss,,lionheart_ps,http://www.facebook.com/feeds/page.php?id=147148928677160&format=atom10,Official Website,,,Unofficial Fan Site,,,Wikipedia,Prithviraj Sukumaran on Wikipedia,http://en.m.wikipedia.org/wiki/Prithviraj_Sukumaran,,,,,,,,,,,,,,,,,,,,,,,,,,,,,,,,,,,,,,,com.im.bollywood.prithvirajsukumaran,bollywood,sukumaran,120056
Bollywood Top50 Female Stars,Priyanka Chopra,priyankachopra,Priyanka+Chopra,Priyanka%2BChopra,Priyanka-Chopra,Priyanka_Chopra,,http://www.webindia123.com/personality/women/priyanka_chopra/priyanka.jpg,http://news.search.yahoo.com/rss?ei=UTF-8&p=Priyanka+Chopra,,,http://www.pinkvilla.com/category/entertainmenttags/Priyanka-Chopra/feed,http://rss.starpulse.com/rss/topic.news.rss.php?topic_path=Actresses/Chopra%2C_Priyanka/&topic_name=Priyanka%20Chopra,http://feed.photobucket.com/images/priyanka+chopra+photos/feed.rss,http://rss.starpulse.com/rss/topic.videos.rss.php?topic_path=Actresses/Chopra%2C_Priyanka/&topic_name=Priyanka+Chopra,priyankachopra,https://www.facebook.com/feeds/page.php?id=222401665690&format=atom10,Official Website,Priyanka Chopra,http://www.iampriyankachopra.com/,Unofficial Fan Site,Priyanka Chopra ,http://www.priyankachopra.org/,Wikipedia,Priyanka Chopra on Wikipedia,http://en.m.wikipedia.org/wiki/Priyanka_Chopra,,,,,,,,,,,,,,,,,,,,,,,,,,,,,,,,,,,,,,,com.im.bollywood.priyankachopra,bollywood,priyanka,120057
Bollywood Top50 Male Stars,Priyanshu Chatterjee,priyanshuchatterjee,Priyanshu+Chatterjee,Priyanshu%2BChatterjee,Priyanshu-Chatterjee,Priyanshu_Chatterjee,,http://www.webindia123.com/personality/men/priyanshu_chatterji/priya.jpg,http://news.search.yahoo.com/rss?ei=UTF-8&p=Priyanshu+Chatterjee,,,http://www.pinkvilla.com/category/entertainmenttags/Priyanshu-Chatterjee/feed,,http://feed.photobucket.com/images/priyanshu+chatterjee/feed.rss,,,http://www.facebook.com/feeds/page.php?id=141185076947&format=atom10,Official Website,,,Unofficial Fan Site,Priyanshu Chatterjee Facebook Fan Page,https://www.facebook.com/pages/Priyanshu-Chatterjee/141185076947?sk=wall,Wikipedia,Priyanshu Chatterjee on Wikipedia,http://en.m.wikipedia.org/wiki/Priyanshu_Chatterjee,,,,,,,,,,,,,,,,,,,,,,,,,,,,,,,,,,,,,,,com.im.bollywood.priyanshuchatterjee,bollywood,priyanshu,120058
Bollywood Top50 Male Stars,Rahul Khanna,rahulkhanna,Rahul+Khanna,Rahul%2BKhanna,Rahul-Khanna,Rahul_Khanna,,http://www.webindia123.com/personality/men/rahul_khanna/rahul.jpg,http://news.search.yahoo.com/rss?ei=UTF-8&p=Rahul+Khanna,,,http://www.pinkvilla.com/category/entertainmenttags/Rahul-Khanna/feed,,http://feed.photobucket.com/images/rahul+khanna/feed.rss,,R_Khanna,http://www.facebook.com/feeds/page.php?id=133210636745371&format=atom10,Official Website,Rahul Khanna,http://www.rahulkhanna.com/Site/Welcome.html,Unofficial Fan Site,,,Wikipedia,Rahul Khanna on Wikipedia,http://en.m.wikipedia.org/wiki/Rahul_Khanna,,,,,,,,,,,,,,,,,,,,,,,,,,,,,,,,,,,,,,,com.im.bollywood.rahulkhanna,bollywood,rahulkhanna,120059
Bollywood Top50 Female Stars,Raima Sen,raimasen,Raima+Sen,Raima%2BSen,Raima-Sen,Raima_Sen,,http://www.webindia123.com/personality/women/raima_sen/raima.jpg,http://news.search.yahoo.com/rss?ei=UTF-8&p=Raima+Sen,,,http://www.pinkvilla.com/category/entertainmenttags/Raima-Sen/feed,,http://feed.photobucket.com/images/raima+sen/feed.rss,,raimasen,https://www.facebook.com/feeds/page.php?id=39592104648&format=atom10,Official Website,Raima Sen,http://www.myraimasen.com/,Unofficial Fan Site,,,Wikipedia,Raima Sen on Wikipedia,http://en.m.wikipedia.org/wiki/Raima_Sen,,,,,,,,,,,,,,,,,,,,,,,,,,,,,,,,,,,,,,,com.im.bollywood.raimasen,bollywood,raimasen,120060
Bollywood Top50 Male Stars,Rajneesh Duggal,rajneeshduggal,Rajneesh+Duggal,Rajneesh%2BDuggal,Rajneesh-Duggal,Rajneesh_Duggal,,http://www.webindia123.com/personality/men/rajneesh_duggal/rajneesh.jpg,http://news.search.yahoo.com/rss?ei=UTF-8&p=Rajneesh+Duggal,,,http://www.pinkvilla.com/category/entertainmenttags/Rajneesh-Duggal/feed,,http://feed.photobucket.com/images/rajneesh+duggal/feed.rss,,,http://www.facebook.com/feeds/page.php?id=132535196771350&format=atom10,Official Website,,,Unofficial Fan Site,Rajneesh Duggal Facebook fan site,http://www.facebook.com/group.php?gid=28885752163,Wikipedia,Rajneesh Duggal on Wikipedia,http://en.m.wikipedia.org/wiki/Rajneesh_Duggal,,,,,,,,,,,,,,,,,,,,,,,,,,,,,,,,,,,,,,,com.im.bollywood.rajneeshduggal,bollywood,rajneeshdug,120061
Bollywood Top50 Male Stars,Rakesh Bapat,rakeshbapat,Rakesh+Bapat,Rakesh%2BBapat,Rakesh-Bapat,Rakesh_Bapat,,http://www.webindia123.com/personality/men/rakesh_bapat/rakesh.jpg,http://news.search.yahoo.com/rss?ei=UTF-8&p=Rakesh+Bapat,,,http://www.pinkvilla.com/category/entertainmenttags/Rakesh-Bapat/feed,,,,,https://www.facebook.com/feeds/page.php?id=101580446222&format=atom10,Official Website,,,Unofficial Fan Site,Rakesh Bapat Facebook Fan Page,https://www.facebook.com/pages/Rakesh-Bapat-fans-Aditya-from-Maryada/122783297780889?sk=info,Wikipedia,Rakesh Bapat on Wikipedia,http://en.m.wikipedia.org/wiki/Rakesh_Bapat,,,,,,,,,,,,,,,,,,,,,,,,,,,,,,,,,,,,,,,com.im.bollywood.rakeshbapat,bollywood,rakeshbapat,120062
Bollywood Top50 Female Stars,Rani Mukherjee,ranimukherjee,Rani+Mukherjee,Rani%2BMukherjee,Rani-Mukherjee,Rani_Mukherjee,,http://www.webindia123.com/personality/women/rani_mukherjee/rani.jpg,http://news.search.yahoo.com/rss?ei=UTF-8&p=Rani+Mukherjee,,,http://www.pinkvilla.com/category/entertainmenttags/Rani-Mukherjee/feed,,http://feed.photobucket.com/images/rani+mukherjee/feed.rss,http://rss.starpulse.com/rss/topic.videos.rss.php?topic_path=Actresses/Mukherjee%2C_Rani/&topic_name=Rani+Mukherjee,RaniiMukherjee,https://www.facebook.com/feeds/page.php?id=155955461088996&format=atom10,Official Website,,,Unofficial Fan Site,Rani Mukherjee Fansite,http://rani.nocturn-glare.net/,Wikipedia,Rani Mukherjee on Wikipedia,http://en.m.wikipedia.org/wiki/Rani_Mukherjee,,,,,,,,,,,,,,,,,,,,,,,,,,,,,,,,,,,,,,,com.im.bollywood.ranimukherjee,bollywood,mukherjee,120063
Bollywood Top50 Female Stars,Rekha,rekha,Rekha,Rekha,Rekha,Rekha,,http://www.webindia123.com/personality/women/rekha/rekha.jpg,http://news.search.yahoo.com/rss?ei=UTF-8&p=Rekha,,,http://www.pinkvilla.com/category/entertainmenttags/Rekha/feed,,http://feed.photobucket.com/images/rekha/feed.rss,http://feed.photobucket.com/videos/rekha/feed.rss,,http://www.facebook.com/feeds/page.php?id=8436818977&format=atom10,Official Website,Rekha Official,http://www.rekhabhardwaj.net/,Unofficial Fan Site,,,Wikipedia,Rekha on Wikipedia,http://en.m.wikipedia.org/wiki/Rekha,,,,,,,,,,,,,,,,,,,,,,,,,,,,,,,,,,,,,,,com.im.bollywood.rekha,bollywood,rekha,120064
Bollywood Top50 Female Stars,Richa Pallod,richapallod,Richa+Pallod,Richa%2BPallod,Richa-Pallod,Richa_Pallod,,http://www.webindia123.com/personality/women/richa_pallod/richa.jpg,http://news.search.yahoo.com/rss?ei=UTF-8&p=Richa+Pallod,,,http://www.pinkvilla.com/category/entertainmenttags/Richa-Pallod/feed,,http://feed.photobucket.com/images/richa+pallod/feed.rss,,,,Official Website,,,Unofficial Fan Site,,,Wikipedia,Richa Pallod on Wikipedia,http://en.m.wikipedia.org/wiki/Richa_Pallod,,,,,,,,,,,,,,,,,,,,,,,,,,,,,,,,,,,,,,,com.im.bollywood.richapallod,bollywood,richapallod,120065
Bollywood Top50 Female Stars,Rimii Sen,rimiisen,Rimii+Sen,Rimii%2BSen,Rimii-Sen,Rimii_Sen,,http://www.webindia123.com/personality/women/rimii_sen/rimii.jpg,http://news.search.yahoo.com/rss?ei=UTF-8&p=Rimii+Sen,,,http://www.pinkvilla.com/category/entertainmenttags/Rimii-Sen/feed,,,,,https://www.facebook.com/feeds/page.php?id=103165158042&format=atom10,Official Website,Rimi Sen Official Facebook Group,http://www.facebook.com/group.php?gid=124443537588042&v=wall,Unofficial Fan Site,Rimi Sen Fan Site,http://www.rimisen.net/,Wikipedia,Rimii Sen on Wikipedia,http://en.m.wikipedia.org/wiki/Rimii_Sen,,,,,,,,,,,,,,,,,,,,,,,,,,,,,,,,,,,,,,,com.im.bollywood.rimiisen,bollywood,rimiisen,120066
Bollywood Top50 Female Stars,Riya Sen,riyasen,Riya+Sen,Riya%2BSen,Riya-Sen,Riya_Sen,,http://www.webindia123.com/personality/women/riya_sen/riya.jpg,http://news.search.yahoo.com/rss?ei=UTF-8&p=Riya+Sen,,,http://www.pinkvilla.com/category/entertainmenttags/Riya-Sen/feed,,http://feed.photobucket.com/images/riya+sen/feed.rss,,riyasen24,https://www.facebook.com/feeds/page.php?id=325055290335&format=atom10,Official Website,Riya Sen,http://www.myriyasen.com/,Unofficial Fan Site,Riya Sen Fan Site,http://www.riyasen.info/,Wikipedia,Riya Sen on Wikipedia,http://en.m.wikipedia.org/wiki/Riya_Sen,,,,,,,,,,,,,,,,,,,,,,,,,,,,,,,,,,,,,,,com.im.bollywood.riyasen,bollywood,riyasen,120067
Bollywood Top50 Male Stars,R Madhavan,rmadhavan,R+Madhavan,R%2BMadhavan,R-Madhavan,R_Madhavan,,http://www.webindia123.com/personality/men/madhavan/madhavan.jpg,http://news.search.yahoo.com/rss?ei=UTF-8&p=R+Madhavan,,,http://www.pinkvilla.com/category/entertainmenttags/R-Madhavan/feed,,http://feed.photobucket.com/images/r+madhavan/feed.rss,,ActorMadhavan,https://www.facebook.com/feeds/page.php?id=14390472786&format=atom10,Official Website,,,Unofficial Fan Site,,,Wikipedia,R Madhavan on Wikipedia,http://en.m.wikipedia.org/wiki/R_Madhavan,,,,,,,,,,,,,,,,,,,,,,,,,,,,,,,,,,,,,,,com.im.bollywood.rmadhavan,bollywood,rmadhavan,120068
Bollywood Top50 Female Stars,Sadha,sadha,Sadha,Sadha,Sadha,Sadha,,http://www.webindia123.com/personality/women/sada/sada.jpg,http://news.search.yahoo.com/rss?ei=UTF-8&p=Sadha,,,http://www.pinkvilla.com/category/entertainmenttags/Sadha/feed,,http://feed.photobucket.com/images/sadha/feed.rss,,,http://www.facebook.com/feeds/page.php?id=114482055264953&format=atom10,Official Website,,,Unofficial Fan Site,,,Wikipedia,Sadha on Wikipedia,http://en.m.wikipedia.org/wiki/Sadha,,,,,,,,,,,,,,,,,,,,,,,,,,,,,,,,,,,,,,,com.im.bollywood.sadha,bollywood,sadha,120069
Bollywood Top50 Male Stars,Saif Ali Khan,saifalikhan,Saif+Ali+Khan,Saif%2BAli%2BKhan,Saif-Ali-Khan,Saif_Ali_Khan,,http://www.webindia123.com/personality/men/saif_ali_khan/saif.jpg,http://news.search.yahoo.com/rss?ei=UTF-8&p=Saif+Ali+Khan,,,http://www.pinkvilla.com/category/entertainmenttags/Saif-Ali-Khan/feed,,http://feed.photobucket.com/images/saif+ali+khan/feed.rss,http://feed.photobucket.com/videos/saif+ali+khan/feed.rss,BeingSalmanKhan,https://www.facebook.com/feeds/page.php?id=167036086682896&format=atom10,Official Website,Saif Ali Khan,http://saifalikhanonline.wordpress.com/,Unofficial Fan Site,Fansite for Saif Ali Khan,http://saifalikhanupdates.wordpress.com/about/,Wikipedia,Saif Ali Khan on Wikipedia,http://en.m.wikipedia.org/wiki/Saif_Ali_Khan,,,,,,,,,,,,,,,,,,,,,,,,,,,,,,,,,,,,,,,com.im.bollywood.saifalikhan,bollywood,saifalikhan,120070
Bollywood Top50 Male Stars,Salman Khan,salmankhan,Salman+Khan,Salman%2BKhan,Salman-Khan,Salman_Khan,,http://www.webindia123.com/personality/men/salman_khan/salman1.jpg,http://news.search.yahoo.com/rss?ei=UTF-8&p=Salman+Khan,,,http://www.pinkvilla.com/category/entertainmenttags/Salman-Khan/feed,,http://feed.photobucket.com/images/salman+khan/feed.rss,http://rss.starpulse.com/rss/topic.videos.rss.php?topic_path=Actors/Khan%2C_Salman/&topic_name=Salman+Khan,BeingSalmanKhan,http://www.facebook.com/feeds/page.php?id=144265748934753&format=atom10,Official Website,Salman Khan,http://www.salman-khan.co.in/,Unofficial Fan Site,Salman Khan Online,http://www.salmanonline.net/,Wikipedia,Salman Khan on Wikipedia,http://en.m.wikipedia.org/wiki/Salman_Khan,,,,,,,,,,,,,,,,,,,,,,,,,,,,,,,,,,,,,,,com.im.bollywood.salmankhan,bollywood,salmankhan,120071
Bollywood Top50 Female Stars,Sameera Reddy,sameerareddy,Sameera+Reddy,Sameera%2BReddy,Sameera-Reddy,Sameera_Reddy,,http://www.webindia123.com/personality/women/sameera_reddy/sameera.jpg,http://news.search.yahoo.com/rss?ei=UTF-8&p=Sameera+Reddy,,,http://www.pinkvilla.com/category/entertainmenttags/Sameera-Reddy/feed,,http://feed.photobucket.com/images/sameera+reddy/feed.rss,,reddysameera,https://www.facebook.com/feeds/page.php?id=155684827797536&format=atom10,Official Website,,,Unofficial Fan Site,Sameera Reddy Fan Site ,http://www.sameerareddy.net/,Wikipedia,Sameera Reddy on Wikipedia,http://en.m.wikipedia.org/wiki/Sameera_Reddy,,,,,,,,,,,,,,,,,,,,,,,,,,,,,,,,,,,,,,,com.im.bollywood.sameerareddy,bollywood,sameerareddy,120072
Bollywood Top50 Female Stars,Sandali Sinha,sandalisinha,Sandali+Sinha,Sandali%2BSinha,Sandali-Sinha,Sandali_Sinha,,http://www.webindia123.com/personality/women/sandali_sinha/sandali.jpg,http://news.search.yahoo.com/rss?ei=UTF-8&p=Sandali+Sinha,,,http://www.pinkvilla.com/category/entertainmenttags/Sandali-Sinha/feed,,,,,https://www.facebook.com/feeds/page.php?id=176350302415217&format=atom10,Official Website,,,Unofficial Fan Site,,,Wikipedia,Sandali Sinha on Wikipedia,http://en.m.wikipedia.org/wiki/Sandali_Sinha,,,,,,,,,,,,,,,,,,,,,,,,,,,,,,,,,,,,,,,com.im.bollywood.sandalisinha,bollywood,sandalisinha,120073
Bollywood Top50 Male Stars,Shahid Kapoor,shahidkapoor,Shahid+Kapoor,Shahid%2BKapoor,Shahid-Kapoor,Shahid_Kapoor,,http://www.webindia123.com/personality/men/shahid_kapoor/shahid.jpg,http://news.search.yahoo.com/rss?ei=UTF-8&p=Shahid+Kapoor,,,http://www.pinkvilla.com/category/entertainmenttags/Shahid-Kapoor/feed,,http://feed.photobucket.com/images/priyanshu+chatterjee/feed.rss,http://feed.photobucket.com/videos/shahid+kapoor/feed.rss,shahidkapoor,https://www.facebook.com/feeds/page.php?id=52278797454&format=atom10,Official Website,,,Unofficial Fan Site,Shahid Kapoor Online is an unofficial fan website ,http://www.shahidonline.net/,Wikipedia,Shahid Kapoor on Wikipedia,http://en.m.wikipedia.org/wiki/Shahid_Kapoor,,,,,,,,,,,,,,,,,,,,,,,,,,,,,,,,,,,,,,,com.im.bollywood.shahidkapoor,bollywood,shahidkapoor,120074
Bollywood Top50 Male Stars,Shahrukh Khan,shahrukhkhan,Shahrukh+Khan,Shahrukh%2BKhan,Shahrukh-Khan,Shahrukh_Khan,,http://www.webindia123.com/personality/men/sharukh_khan/sharukh.jpg,http://news.search.yahoo.com/rss?ei=UTF-8&p=Shahrukh+Khan,,,http://www.pinkvilla.com/category/entertainmenttags/Shahrukh-Khan/feed,http://rss.starpulse.com/rss/topic.news.rss.php?topic_path=Actors/Khan%2C_Shahrukh/&topic_name=Shahrukh%20Khan,http://feed.photobucket.com/images/shahrukh+khan/feed.rss,http://rss.starpulse.com/rss/topic.videos.rss.php?topic_path=Actors/Khan%2C_Shahrukh/&topic_name=Shahrukh+Khan,iamsrk,http://www.facebook.com/feeds/page.php?id=197997523559852&format=atom10,Official Website,,,Unofficial Fan Site,Shah Rukh Khan Fan Site,http://www.srkfanatic.net/,Wikipedia,Shahrukh Khan on Wikipedia,http://en.m.wikipedia.org/wiki/Shahrukh_Khan,,,,,,,,,,,,,,,,,,,,,,,,,,,,,,,,,,,,,,,com.im.bollywood.shahrukhkhan,bollywood,shahrukhkhan,120075
Bollywood Top50 Female Stars,Shilpa Shetty,shilpashetty,Shilpa+Shetty,Shilpa%2BShetty,Shilpa-Shetty,Shilpa_Shetty,,http://www.webindia123.com/personality/women/shilpa_shetty/shilpa.jpg,http://news.search.yahoo.com/rss?ei=UTF-8&p=Shilpa+Shetty,,,http://www.pinkvilla.com/category/entertainmenttags/Shilpa-Shetty/feed,http://rss.starpulse.com/rss/topic.news.rss.php?topic_path=Actresses/Shetty%2C_Shilpa/&topic_name=Shilpa%20Shetty,http://rss.starpulse.com/rss/topic.photos.rss.php?topic_path=Actresses/Shetty%2C_Shilpa&topic_name=Shilpa%20Shetty,http://rss.starpulse.com/rss/topic.videos.rss.php?topic_path=Actresses/Shetty%2C_Shilpa/&topic_name=Shilpa+Shetty,TheShilpaShetty,http://www.facebook.com/feeds/page.php?id=81152323416&format=atom10,Official Website,Shilpa Shetty Live,http://www.shilpashettylive.com/home.html,Unofficial Fan Site,Shilpa-Shetty.org  an unofficial fan site ,http://www.shilpa-shetty.org/,Wikipedia,Shilpa Shetty on Wikipedia,http://en.m.wikipedia.org/wiki/Shilpa_Shetty,,,,,,,,,,,,,,,,,,,,,,,,,,,,,,,,,,,,,,,com.im.bollywood.shilpashetty,bollywood,shilpashetty,120076
Bollywood Top50 Male Stars,Shiney Ahuja,shineyahuja,Shiney+Ahuja,Shiney%2BAhuja,Shiney-Ahuja,Shiney_Ahuja,,http://www.webindia123.com/personality/men/shiney_ahuja/shiney.jpg,http://news.search.yahoo.com/rss?ei=UTF-8&p=Shiney+Ahuja,,,http://www.pinkvilla.com/category/entertainmenttags/Shiney-Ahuja/feed,,http://feed.photobucket.com/images/shiney+ahuja/feed.rss,,,https://www.facebook.com/feeds/page.php?id=54844717465&format=atom10,Official Website,,,Unofficial Fan Site,,,Wikipedia,Shiney Ahuja on Wikipedia,http://en.m.wikipedia.org/wiki/Shiney_Ahuja,,,,,,,,,,,,,,,,,,,,,,,,,,,,,,,,,,,,,,,com.im.bollywood.shineyahuja,bollywood,shineyahuja,120077
Bollywood Top50 Female Stars,Shriya Saran,shriyasaran,Shriya+Saran,Shriya%2BSaran,Shriya-Saran,Shriya_Saran,,http://www.webindia123.com/personality/women/shriya_saran/shriya.jpg,http://news.search.yahoo.com/rss?ei=UTF-8&p=Shriya+Saran,,,http://www.pinkvilla.com/category/entertainmenttags/Shriya-Saran/feed,,http://feed.photobucket.com/images/shriya+saran/feed.rss,,shriya_s,,Official Website,Shriya Saran,http://www.shriyasaran.com/welcome/index.html,Unofficial Fan Site,Shriya Saran Unofficial Website ,http://www.shriyasaran.info/,Wikipedia,Shriya Saran on Wikipedia,http://en.m.wikipedia.org/wiki/Shriya_Saran,,,,,,,,,,,,,,,,,,,,,,,,,,,,,,,,,,,,,,,com.im.bollywood.shriyasaran,bollywood,shriyasaran,120078
Bollywood Top50 Male Stars,Sidharth,sidharth,Sidharth,Sidharth,Sidharth,Sidharth,,http://www.webindia123.com/personality/men/sidharth_narayan/sidharth.jpg,http://news.search.yahoo.com/rss?ei=UTF-8&p=Sidharth,,,http://www.pinkvilla.com/category/entertainmenttags/Sidharth/feed,,http://feed.photobucket.com/images/vijayakanth/feed.rss,http://feed.photobucket.com/videos/sidharth/feed.rss,actor_siddharth,,Official Website,Siddharth Online,http://www.siddharth-online.com/,Unofficial Fan Site,Fansite for the Indian actor Siddharth,http://siddharthfans.com/,Wikipedia,Sidharth on Wikipedia,http://en.m.wikipedia.org/wiki/Sidharth,,,,,,,,,,,,,,,,,,,,,,,,,,,,,,,,,,,,,,,com.im.bollywood.sidharth,bollywood,sidharth,120079
Bollywood Top50 Female Stars,Simran,simran,Simran,Simran,Simran,Simran,,http://www.webindia123.com/personality/women/simran/simran.jpg,http://news.search.yahoo.com/rss?ei=UTF-8&p=Simran,,,http://www.pinkvilla.com/category/entertainmenttags/Simran/feed,,http://feed.photobucket.com/images/simran/feed.rss,http://feed.photobucket.com/videos/simran/feed.rss,,,Official Website,Simran Official,http://www.galatta.com/actress/simran/simplysimran/index.html,Unofficial Fan Site,,,Wikipedia,Simran on Wikipedia,http://en.m.wikipedia.org/wiki/Simran,,,,,,,,,,,,,,,,,,,,,,,,,,,,,,,,,,,,,,,com.im.bollywood.simran,bollywood,simran,120080
Bollywood Top50 Female Stars,Sonali Bendre,sonalibendre,Sonali+Bendre,Sonali%2BBendre,Sonali-Bendre,Sonali_Bendre,,http://www.webindia123.com/personality/women/sonali_bendre/sonali.jpg,http://news.search.yahoo.com/rss?ei=UTF-8&p=Sonali+Bendre,,,http://www.pinkvilla.com/category/entertainmenttags/Sonali-Bendre/feed,,http://feed.photobucket.com/images/sonali+bendre/feed.rss,http://rss.starpulse.com/rss/topic.videos.rss.php?topic_path=Actresses/Bendre%2C_Sonali/&topic_name=Sonali+Bendre,SonaliBendre,https://www.facebook.com/feeds/page.php?id=145037120025&format=atom10,Official Website,Sonali Bendre Official,http://sonalibendre.fateback.com/,Unofficial Fan Site,,,Wikipedia,Sonali Bendre on Wikipedia,http://en.m.wikipedia.org/wiki/Sonali_Bendre,,,,,,,,,,,,,,,,,,,,,,,,,,,,,,,,,,,,,,,com.im.bollywood.sonalibendre,bollywood,sonalibendre,120081
Bollywood Top50 Male Stars,Sonu Nigam,sonunigam,Sonu+Nigam,Sonu%2BNigam,Sonu-Nigam,Sonu_Nigam,,http://www.webindia123.com/personality/men/sonu_nigam/sonu.jpg,http://news.search.yahoo.com/rss?ei=UTF-8&p=Sonu+Nigam,,,http://www.pinkvilla.com/category/entertainmenttags/Sonu-Nigam/feed,,http://feed.photobucket.com/images/sonu+nigam/feed.rss,http://feed.photobucket.com/videos/sonu+nigam/feed.rss,"sonuniigaam
",http://www.facebook.com/feeds/page.php?id=108049556340&format=atom10,Official Website,,,Unofficial Fan Site,,,Wikipedia,Sonu Nigam on Wikipedia,http://en.m.wikipedia.org/wiki/Sonu_Nigam,,,,,,,,,,,,,,,,,,,,,,,,,,,,,,,,,,,,,,,com.im.bollywood.sonunigam,bollywood,sonunigam,120082
Bollywood Top50 Male Stars,Sonu Sood,sonusood,Sonu+Sood,Sonu%2BSood,Sonu-Sood,Sonu_Sood,,http://www.webindia123.com/personality/men/sonu_sood/sonu.jpg,http://news.search.yahoo.com/rss?ei=UTF-8&p=Sonu+Sood,,,http://www.pinkvilla.com/category/entertainmenttags/Sonu-Sood/feed,,http://feed.photobucket.com/images/sonu+sood/feed.rss,,thesonusood,https://www.facebook.com/feeds/page.php?id=143984488983515&format=atom10,Official Website,,,Unofficial Fan Site,,,Wikipedia,Sonu Sood on Wikipedia,http://en.m.wikipedia.org/wiki/Sonu_Sood,,,,,,,,,,,,,,,,,,,,,,,,,,,,,,,,,,,,,,,com.im.bollywood.sonusood,bollywood,sonusood,120083
Bollywood Top50 Male Stars,Sudhanshu Pandey,sudhanshupandey,Sudhanshu+Pandey,Sudhanshu%2BPandey,Sudhanshu-Pandey,Sudhanshu_Pandey,,http://www.webindia123.com/personality/men/sudhanshu_pandey/sudhanshu.jpg,http://news.search.yahoo.com/rss?ei=UTF-8&p=Sudhanshu+Pandey,,,http://www.pinkvilla.com/category/entertainmenttags/Sudhanshu-Pandey/feed,,http://feed.photobucket.com/images/sudhanshu+pandey/feed.rss,,sudhanshu85,,Official Website,,,Unofficial Fan Site,,,Wikipedia,Sudhanshu Pandey on Wikipedia,http://en.m.wikipedia.org/wiki/Sudhanshu_Pandey,,,,,,,,,,,,,,,,,,,,,,,,,,,,,,,,,,,,,,,com.im.bollywood.sudhanshupandey,bollywood,sudhanshu,120084
Bollywood Top50 Female Stars,Sunidhi Chauhan,sunidhichauhan,Sunidhi+Chauhan,Sunidhi%2BChauhan,Sunidhi-Chauhan,Sunidhi_Chauhan,,http://www.webindia123.com/personality/women/sunidhi_chauhan/sunidhi.jpg,http://news.search.yahoo.com/rss?ei=UTF-8&p=Sunidhi+Chauhan,,,http://www.pinkvilla.com/category/entertainmenttags/Sunidhi-Chauhan/feed,,http://feed.photobucket.com/images/sunidhi+chauhan/feed.rss,http://feed.photobucket.com/videos/sunidhi+chauhan/feed.rss,SunidhiChauhan5,http://www.facebook.com/feeds/page.php?id=118704514817427&format=atom10,Official Website,Sunidhi Chauhan,http://www.sunidhichauhan.com/,Unofficial Fan Site,Sunidhi Chauhan Facebook Fan Page,https://www.facebook.com/pages/Sunidhi-Chauhan-Fan-Club/114482121909994,Wikipedia,Sunidhi Chauhan on Wikipedia,http://en.m.wikipedia.org/wiki/Sunidhi_Chauhan,,,,,,,,,,,,,,,,,,,,,,,,,,,,,,,,,,,,,,,com.im.bollywood.sunidhichauhan,bollywood,sunidhi,120085
Bollywood Top50 Male Stars,Surya,surya,Surya,Surya,Surya,Surya,,http://www.webindia123.com/personality/men/surya/surya.jpg,http://news.search.yahoo.com/rss?ei=UTF-8&p=Surya,,,http://www.pinkvilla.com/category/entertainmenttags/Surya/feed,,http://feed.photobucket.com/images/surya/feed.rss,http://feed.photobucket.com/videos/surya/feed.rss,actorsurya,https://www.facebook.com/feeds/page.php?id=64953969119&format=atom10,Official Website,,,Unofficial Fan Site,Surya Fans Club ,http://www.suryafansclub.com/,Wikipedia,Surya on Wikipedia,http://en.m.wikipedia.org/wiki/Surya,,,,,,,,,,,,,,,,,,,,,,,,,,,,,,,,,,,,,,,com.im.bollywood.surya,bollywood,surya,120086
Bollywood Top50 Female Stars,Sushma Reddy,sushmareddy,Sushma+Reddy,Sushma%2BReddy,Sushma-Reddy,Sushma_Reddy,,http://www.webindia123.com/personality/women/sushma_reddy/sushma.jpg,http://news.search.yahoo.com/rss?ei=UTF-8&p=Sushma+Reddy,,,http://www.pinkvilla.com/category/entertainmenttags/Sushma-Reddy/feed,,http://feed.photobucket.com/images/sushma+reddy/feed.rss,,,,Official Website,,,Unofficial Fan Site,,,Wikipedia,Sushma Reddy on Wikipedia,http://en.m.wikipedia.org/wiki/Sushma_Reddy,,,,,,,,,,,,,,,,,,,,,,,,,,,,,,,,,,,,,,,com.im.bollywood.sushmareddy,bollywood,sushmareddy,120087
Bollywood Top50 Female Stars,Sushmita Sen,sushmitasen,Sushmita+Sen,Sushmita%2BSen,Sushmita-Sen,Sushmita_Sen,,http://www.webindia123.com/personality/women/sushmita_sen/sushmita.jpg,http://news.search.yahoo.com/rss?ei=UTF-8&p=Sushmita+Sen,,,http://www.pinkvilla.com/category/entertainmenttags/Sushmita-Sen/feed,,http://feed.photobucket.com/images/sushmita+sen/feed.rss,http://rss.starpulse.com/rss/topic.videos.rss.php?topic_path=Actresses/Sen%2C_Sushmita/&topic_name=Sushmita+Sen,thesushmitasen ,http://www.facebook.com/feeds/page.php?id=36282094276&format=atom10,Official Website,,,Unofficial Fan Site,Sushmita Sen Fan Site,http://www.sushmita-sen.org/,Wikipedia,Sushmita Sen on Wikipedia,http://en.m.wikipedia.org/wiki/Sushmita_Sen,,,,,,,,,,,,,,,,,,,,,,,,,,,,,,,,,,,,,,,com.im.bollywood.sushmitasen,bollywood,sushmitasen,120088
Bollywood Top50 Female Stars,Tanushree Dutta,tanushreedutta,Tanushree+Dutta,Tanushree%2BDutta,Tanushree-Dutta,Tanushree_Dutta,,http://www.webindia123.com/personality/women/tanushree_dutta/tanushree.jpg,http://news.search.yahoo.com/rss?ei=UTF-8&p=Tanushree+Dutta,,,http://www.pinkvilla.com/category/entertainmenttags/Tanushree-Dutta/feed,,http://feed.photobucket.com/images/tanushree+dutta/feed.rss,,,https://www.facebook.com/feeds/page.php?id=21247224893&format=atom10,Official Website,Tanushree Dutta,http://www.tanushreedutta.com/,Unofficial Fan Site,Tanushree Dutta unofficial Fan site,http://www.tanushree-dutta.com/,Wikipedia,Tanushree Dutta on Wikipedia,http://en.m.wikipedia.org/wiki/Tanushree_Dutta,,,,,,,,,,,,,,,,,,,,,,,,,,,,,,,,,,,,,,,com.im.bollywood.tanushreedutta,bollywood,tanushree,120089
Bollywood Top50 Male Stars,Tarun,tarun,Tarun,Tarun,Tarun,Tarun,,http://www.webindia123.com/personality/men/tharun/tharun.jpg,http://news.search.yahoo.com/rss?ei=UTF-8&p=Tarun,,,http://www.pinkvilla.com/category/entertainmenttags/Tarun/feed,,http://feed.photobucket.com/images/tarun/feed.rss,http://feed.photobucket.com/videos/tarun/feed.rss,,https://www.facebook.com/feeds/page.php?id=45535112543&format=atom10,Official Website,,,Unofficial Fan Site,,,Wikipedia,Tarun on Wikipedia,http://en.m.wikipedia.org/wiki/Tarun,,,,,,,,,,,,,,,,,,,,,,,,,,,,,,,,,,,,,,,com.im.bollywood.tarun,bollywood,tarun,120090
Bollywood Top50 Male Stars,uday kiran,udaykiran,uday+kiran,uday%2Bkiran,uday-kiran,uday_kiran,,http://www.webindia123.com/personality/men/uday_kiran/uday.jpg,http://news.search.yahoo.com/rss?ei=UTF-8&p=uday+kiran,,,http://www.pinkvilla.com/category/entertainmenttags/uday-kiran/feed,,http://feed.photobucket.com/images/uday+kiran/feed.rss,,v_udaykiran,http://www.facebook.com/feeds/page.php?id=128481873896873&format=atom10,Official Website,,,Unofficial Fan Site,,,Wikipedia,uday kiran on Wikipedia,http://en.m.wikipedia.org/wiki/uday_kiran,,,,,,,,,,,,,,,,,,,,,,,,,,,,,,,,,,,,,,,com.im.bollywood.udaykiran,bollywood,udaykiran,120091
Bollywood Top50 Male Stars,Upen Patel,upenpatel,Upen+Patel,Upen%2BPatel,Upen-Patel,Upen_Patel,,http://www.webindia123.com/personality/men/upen_patel/upen.jpg,http://news.search.yahoo.com/rss?ei=UTF-8&p=Upen+Patel,,,http://www.pinkvilla.com/category/entertainmenttags/Upen-Patel/feed,,http://feed.photobucket.com/images/upen+patel/feed.rss,,,http://www.facebook.com/feeds/page.php?id=213793437957&format=atom10,Official Website,,,Unofficial Fan Site,,,Wikipedia,Upen Patel on Wikipedia,http://en.m.wikipedia.org/wiki/Upen_Patel,,,,,,,,,,,,,,,,,,,,,,,,,,,,,,,,,,,,,,,com.im.bollywood.upenpatel,bollywood,upenpatel,120092
Bollywood Top50 Female Stars,Urmila Mantondkar,urmilamantondkar,Urmila+Mantondkar,Urmila%2BMantondkar,Urmila-Mantondkar,Urmila_Mantondkar,,http://www.webindia123.com/personality/women/urmila_mandotkar/urmila.jpg,http://news.search.yahoo.com/rss?ei=UTF-8&p=Urmila+Mantondkar,,,http://www.pinkvilla.com/category/entertainmenttags/Urmila-Mantondkar/feed,,,,UrmilaFanClub,http://www.facebook.com/feeds/page.php?id=172890126106&format=atom10,Official Website,,,Unofficial Fan Site,,,Wikipedia,Urmila Mantondkar on Wikipedia,http://en.m.wikipedia.org/wiki/Urmila_Mantondkar,,,,,,,,,,,,,,,,,,,,,,,,,,,,,,,,,,,,,,,com.im.bollywood.urmilamantondkar,bollywood,urmilamandot,120093
Bollywood Top50 Female Stars,Vidya Balan,vidyabalan,Vidya+Balan,Vidya%2BBalan,Vidya-Balan,Vidya_Balan,,http://www.webindia123.com/personality/women/vidya_balan/vidya.jpg,http://news.search.yahoo.com/rss?ei=UTF-8&p=Vidya+Balan,,,http://www.pinkvilla.com/category/entertainmenttags/Vidya-Balan/feed,,http://feed.photobucket.com/images/vidya+balan/feed.rss,http://feed.photobucket.com/videos/vidya+balan/feed.rss,RealVidyaBalan ,http://www.facebook.com/feeds/page.php?id=168440753185473&format=atom10,Official Website,Vidya Balan,http://www.vidyabalan.net,Unofficial Fan Site,Vidya Balan Fan Website,http://balanvidya.com/,Wikipedia,Vidya Balan on Wikipedia,http://en.m.wikipedia.org/wiki/Vidya_Balan,,,,,,,,,,,,,,,,,,,,,,,,,,,,,,,,,,,,,,,com.im.bollywood.vidyabalan,bollywood,vidyabalan,120094
Bollywood Top50 Male Stars,Vijay,vijay,Vijay,Vijay,Vijay,Vijay,,http://www.webindia123.com/personality/men/vijay/vijay.jpg,http://news.search.yahoo.com/rss?ei=UTF-8&p=Vijay,,,http://www.pinkvilla.com/category/entertainmenttags/Vijay/feed,,http://feed.photobucket.com/images/vijay/feed.rss,http://feed.photobucket.com/videos/vijay/feed.rss,,http://www.facebook.com/feeds/page.php?id=165981125489&format=atom10,Official Website,Vijay Official,http://vijay.com/,Unofficial Fan Site,Actor Vijay Fans Site,http://www.vijayfansclub.com/,Wikipedia,Vijay on Wikipedia,http://en.m.wikipedia.org/wiki/Vijay,,,,,,,,,,,,,,,,,,,,,,,,,,,,,,,,,,,,,,,com.im.bollywood.vijay,bollywood,vijay,120095
Bollywood Top50 Male Stars,Vikram Kennedy,vikramkennedy,Vikram+Kennedy,Vikram%2BKennedy,Vikram-Kennedy,Vikram_Kennedy,,http://www.webindia123.com/personality/men/vikram/vikram.jpg,http://news.search.yahoo.com/rss?ei=UTF-8&p=Vikram+Kennedy,,,http://www.pinkvilla.com/category/entertainmenttags/Vikram-Kennedy/feed,,,,,http://www.facebook.com/feeds/page.php?id=151935701539581&format=atom10,Official Website,Vikram Official,http://www.chiyaanvikram.net/,Unofficial Fan Site,,,Wikipedia,Vikram Kennedy on Wikipedia,http://en.m.wikipedia.org/wiki/Vikram_Kennedy,,,,,,,,,,,,,,,,,,,,,,,,,,,,,,,,,,,,,,,com.im.bollywood.vikramkennedy,bollywood,vkennedy,120096
Bollywood Top50 Male Stars,Vivan Bhatena,vivanbhatena,Vivan+Bhatena,Vivan%2BBhatena,Vivan-Bhatena,Vivan_Bhatena,,http://www.webindia123.com/personality/men/vivan_bhatena/vivan.jpg,http://news.search.yahoo.com/rss?ei=UTF-8&p=Vivan+Bhatena,,,http://www.pinkvilla.com/category/entertainmenttags/Vivan-Bhatena/feed,,http://feed.photobucket.com/images/vivan+bhatena/feed.rss,,,http://www.facebook.com/feeds/page.php?id=125325140831452&format=atom10,Official Website,,,Unofficial Fan Site,,,Wikipedia,Vivan Bhatena on Wikipedia,http://en.m.wikipedia.org/wiki/Vivan_Bhatena,,,,,,,,,,,,,,,,,,,,,,,,,,,,,,,,,,,,,,,com.im.bollywood.vivanbhatena,bollywood,vivanbhatena,120097
Bollywood Top50 Male Stars,Vivek Oberoy,vivekoberoy,Vivek+Oberoy,Vivek%2BOberoy,Vivek-Oberoy,Vivek_Oberoy,,http://www.webindia123.com/personality/men/vivek_oberoy/vivek.jpg,http://news.search.yahoo.com/rss?ei=UTF-8&p=Vivek+Oberoy,,,http://www.pinkvilla.com/category/entertainmenttags/Vivek-Oberoy/feed,,http://feed.photobucket.com/images/vivek+oberoy/feed.rss,http://rss.starpulse.com/rss/topic.videos.rss.php?topic_path=Actors/Oberoi%2C_Vivek/&topic_name=Vivek+Oberoi,vivek_oberoi,http://www.facebook.com/feeds/page.php?id=198587416872&format=atom10,Official Website,,,Unofficial Fan Site,,,Wikipedia,Vivek Oberoy on Wikipedia,http://en.m.wikipedia.org/wiki/Vivek_Oberoy,,,,,,,,,,,,,,,,,,,,,,,,,,,,,,,,,,,,,,,com.im.bollywood.vivekoberoy,bollywood,vivekoberoy,120098
Bollywood Top50 Male Stars,Zulfi Syed,zulfisyed,Zulfi+Syed,Zulfi%2BSyed,Zulfi-Syed,Zulfi_Syed,,http://www.webindia123.com/personality/men/zulfi_zyed/zulfi.jpg,http://news.search.yahoo.com/rss?ei=UTF-8&p=Zulfi+Syed,,,http://www.pinkvilla.com/category/entertainmenttags/Zulfi-Syed/feed,,,,,,Official Website,,,Unofficial Fan Site,,,Wikipedia,Zulfi Syed on Wikipedia,http://en.m.wikipedia.org/wiki/Zulfi_Syed,,,,,,,,,,,,,,,,,,,,,,,,,,,,,,,,,,,,,,,com.im.bollywood.zulfisyed,bollywood,zulfisyed,120099